Periode,janv-81,fevr-81,mars-81,avr-81,mai-81,juin-81,juil-81,aout-81,sept-81,oct-81,nov-81,dec-81,janv-82,fevr-82,mars-82,avr-82,mai-82,juin-82,juil-82,aout-82,sept-82,oct-82,nov-82,dec-82,janv-83,fevr-83,mars-83,avr-83,mai-83,juin-83,juil-83,aout-83,sept-83,oct-83,nov-83,dec-83,janv-84,fevr-84,mars-84,avr-84,mai-84,juin-84,juil-84,aout-84,sept-84,oct-84,nov-84,dec-84,janv-85,fevr-85,mars-85,avr-85,mai-85,juin-85,juil-85,aout-85,sept-85,oct-85,nov-85,dec-85,janv-86,fevr-86,mars-86,avr-86,mai-86,juin-86,juil-86,aout-86,sept-86,oct-86,nov-86,dec-86,janv-87,fevr-87,mars-87,avr-87,mai-87,juin-87,juil-87,aout-87,sept-87,oct-87,nov-87,dec-87,janv-88,fevr-88,mars-88,avr-88,mai-88,juin-88,juil-88,aout-88,sept-88,oct-88,nov-88,dec-88,janv-89,fevr-89,mars-89,avr-89,mai-89,juin-89,juil-89,aout-89,sept-89,oct-89,nov-89,dec-89,janv-90,fevr-90,mars-90,avr-90,mai-90,juin-90,juil-90,aout-90,sept-90,oct-90,nov-90,dec-90,janv-91,fevr-91,mars-91,avr-91,mai-91,juin-91,juil-91,aout-91,sept-91,oct-91,nov-91,dec-91,janv-92,fevr-92,mars-92,avr-92,mai-92,juin-92,juil-92,aout-92,sept-92,oct-92,nov-92,dec-92,janv-93,fevr-93,mars-93,avr-93,mai-93,juin-93,juil-93,aout-93,sept-93,oct-93,nov-93,dec-93,janv-94,fevr-94,mars-94,avr-94,mai-94,juin-94,juil-94,aout-94,sept-94,oct-94,nov-94,dec-94,janv-95,fevr-95,mars-95,avr-95,mai-95,juin-95,juil-95,aout-95,sept-95,oct-95,nov-95,dec-95,janv-96,fevr-96,mars-96,avr-96,mai-96,juin-96,juil-96,aout-96,sept-96,oct-96,nov-96,dec-96,janv-97,fevr-97,mars-97,avr-97,mai-97,juin-97,juil-97,aout-97,sept-97,oct-97,nov-97,dec-97,janv-98,fevr-98,mars-98,avr-98,mai-98,juin-98,juil-98,aout-98,sept-98,oct-98,nov-98,dec-98,janv-99,fevr-99,mars-99,avr-99,mai-99,juin-99,juil-99,aout-99,sept-99,oct-99,nov-99,dec-99,janv-00,fevr-00,mars-00,avr-00,mai-00,juin-00,juil-00,aout-00,sept-00,oct-00,nov-00,dec-00,janv-01,fevr-01,mars-01,avr-01,mai-01,juin-01,juil-01,aout-01,sept-01,oct-01,nov-01,dec-01,janv-02,fevr-02,mars-02,avr-02,mai-02,juin-02,juil-02,aout-02,sept-02,oct-02,nov-02,dec-02,janv-03,fevr-03,mars-03,avr-03,mai-03,juin-03,juil-03,aout-03,sept-03,oct-03,nov-03,dec-03,janv-04,fevr-04,mars-04,avr-04,mai-04,juin-04,juil-04,aout-04,sept-04,oct-04,nov-04,dec-04,janv-05,fevr-05,mars-05,avr-05,mai-05,juin-05,juil-05,aout-05,sept-05,oct-05,nov-05,dec-05,janv-06,fevr-06,mars-06,avr-06,mai-06,juin-06,juil-06,aout-06,sept-06,oct-06,nov-06,dec-06,janv-07,fevr-07,mars-07,avr-07,mai-07,juin-07,juil-07,aout-07,sept-07,oct-07,nov-07,dec-07,janv-08,fevr-08,mars-08,avr-08,mai-08,juin-08,juil-08,aout-08,sept-08,oct-08,nov-08,dec-08,janv-09,fevr-09,mars-09,avr-09,mai-09,juin-09,juil-09,aout-09,sept-09,oct-09,nov-09,dec-09,janv-10,fevr-10,mars-10,avr-10,mai-10,juin-10,Juil-10,aout-10,sept-10,oct-10,nov-10,dec-10,janv-11,fevr-11,mars-11,avr-11,mai-11,juin-11,Juil-11,aout-11,sept-11,oct-11,nov-11,dec-11,janv-12,fevr-12,mars-12,avr-12,mai-12,juin-12,Juil-12,aout-12,sept-12,oct-12,nov-12,dec-12,janv-13,fevr-13,mars-13,avr-13,mai-13,juin-13,Juil-13,aout-13,sept-13,oct-13,nov-13,dec-13,janv-14,fevr-14,mars-14,avr-14,mai-14,juin-14,juil-14,aout-14,sept-14,oct-14,nov-14,dec-14,janv-15,fevr-15,mars-15,avr-15,mai-15,juin-15,juil-15,aout-15,sept-15,oct-15,nov-15,dec-15,janv-16,fevr-16,mars-16,avr-16,mai-16,juin-16,juil-16,aout-16,sept-16,oct-16,nov-16
1. Production de petrole (brut et hydrocarbures extraits du gaz naturel en kt),208.8,193.1,214.7,207.1,209.2,192.8,204.6,208,191.2,201.9,190.5,213.8,205.1,185.8,199.7,198.6,198.6,189.8,197.2,201,182,188.7,195.7,195.6,196.1,175.5,194.3,181.8,195.5,182.8,187,199.3,185,207.1,198.4,212.5,215.8,207.2,220.4,220.3,229.1,206,230.9,232.4,220.1,234.3,236.4,243.9,196.8,235.1,259.7,262.2,269.8,262.9,286,295.4,273.8,289.9,294.4,312.1,313.3,274,279.2,268.2,298.1,268.7,291.7,295,287,298,287,295,277,278,315,304,303,287,315,317,294,303,310,335,330,314,330,297,315,315,318,310,294,295,297,313,301,280,308,299,311,293,294,294,304,321,302,319,309,270,309,291,293,266,216,270,286,297,283,286,283,249,281,275,286,276,277,277,267,286,274,281,278,261,284,273,281,258,274,265,258,264,254,262,264,240,263,265,262,242,257,254,239,262,270,284.5,269.4,245.2,275.5,259.9,267.9,261.2,262.9,261.8,253.3,257.9,249,250,243.9,218.3,247.8,230.1,242.3,221.6,226.5,236.6,228.6,238,248,228.3,227.5,200.6,221.7,209.3,212.3,194.3,196,198.5,190.4,190.7,178.2,182.4,176.4,163.3,174.8,168.2,169.9,158.4,173.9,166.7,166.4,172.9,163.6,173.3,169.9,152.9,164.5,158.4,159.1,151.2,163.8,158.3,157.3,162.4,161.7,160.3,154.4,140.3,153.2,141.2,121.7,137.8,150.5,150,146,152.8,143.8,135,137.1,130.6,138.9,119.5,126.8,119.8,135,142.2,134.9,137.5,129,138.9,136.2,122.8,135.3,128.2,134.5,127.2,130.6,131.9,129.7,134.3,122.5,126.6,131.5,118.1,133.952,127.507,129.253,120.49,123.663,123.807,121.479,125.57,117.841,121.166,122.931,108.669,121.662,117.169,122.511,112.292,113.774,110.358,108.609,109.842,109.134,121.596,112.669,106.637,113.514,109.248,113.202,105.665,108.468,106.538,102.122,101.408,101.427,106.77,108.479,91.72199999999999,104.335,96.24,102.48,98.381,100.901,101.887,92.07599999999999,96.08499999999999,91.28400000000001,95.559,95.53700000000001,87.461,92.64700000000001,88.758,92.205,89.203,90.90000000000001,92.5,92.3,95.2,88.8,94.8,81.8,70.09999999999999,85.7,80.7,84.7,90.8,87.90000000000001,87.2,84.40000000000001,88.09999999999999,82.3,89.59999999999999,87.5,81.40000000000001,88.59999999999999,84.59999999999999,85,85.5,88.7,86.09999999999999,80,81.90000000000001,77.7,83.2,76,78.3,81,78.09999999999999,80.09999999999999,80.59999999999999,71.40000000000001,78.5,76,79.2,75.59999999999999,77,74.8,65,76.2,74,72.5,78.90000000000001,81.40000000000001,80.2,79.40000000000001,82.2,79.3,81.3,80.90000000000001,72.3,80.90000000000001,77.5,81.3,76.40000000000001,77.40000000000001,78.40000000000001,76.90000000000001,76.40000000000001,73.2,73.3,68.2,65.90000000000001,73.59999999999999,71.90000000000001,72.8,69.3,69.8,71.09999999999999,67.90000000000001,69.3,67.7,68.7,68.8,62.4,67.7,65.7,67.90000000000001,67.09999999999999,72.5,75.574,69.05200000000001,67.90000000000001,63,66,64,57,65,63,66,62,62,65,65,65,65,65,65,61,70,69,74.2,71.3,73.7,70.3,67.2,70.90000000000001,70.59999999999999,70.40000000000001,70.051,68.20999999999999,71.40000000000001,70.7,69.8,66.8,69.59099999999999,68.5,64.40000000000001,67.3,63.4
1.1 Production de petrole brut (en kt),134.5,125.6,144.2,139.4,140,143.9,147.3,148.5,136.4,143.9,132.8,139.5,136.8,124.5,134.8,136.9,141.9,135.3,143.7,147.5,138.2,139.6,133.8,133,135.2,122.9,136.8,133.4,133.7,132.7,135.6,146.5,141,147.2,142.7,151.9,157.8,152.5,169.9,166.6,174.5,169.1,180.2,174.9,172.5,179.2,182,185.3,142.4,182.6,209.9,211.3,218.5,212,234.3,242.2,238.5,246.1,244.2,259.7,260.3,229,241.2,236.2,257.1,230.7,246.7,248,246,255,244,254,237,240,274,267,274,266,283,282,268,269,276,300,291,276,292,269,283,280,284,283,275,279,267,276,273,250,272,266,277,263,263,263,273,289,269,285,276,239,275,255,257,244,214,252,249,262,248,252,248,219,249,244,254,245,247,248,246,258,244,250,247,232,252,243,250,237,246,239,231,234,225,232,232,211,231,230,233,221,227,222,221,239,237,248.4,245.3,216.7,243.2,230,238.2,235.5,232.2,231,228,229,219.5,220.3,214.7,191.9,219,204.6,213.8,209.2,207.8,208.6,201.8,212,219,201,199.5,174.3,189.5,183,185.6,176.4,180.1,175.1,164.9,165.2,154.6,158.9,154.1,142.5,152.3,145.7,148.5,140,151.6,145.6,146.4,154.1,144.6,154.3,149.7,135.5,148.6,140.3,143.9,136.8,146.1,140.4,139.1,143.7,142.6,142.2,138.2,124.7,135.4,125.6,116.8,125,133,131.6,128.1,134.9,127.4,118.5,120.6,114.9,123.1,105.4,116.5,117.4,119.7,124.6,119,121.1,113,122.1,119.5,108.1,118.4,112.7,119.1,112.5,116,116.9,114.7,118.9,111.2,114.5,116,103.9,119.186,113.677,112.971,105.133,108.269,108.532,106.556,111.402,105.419,105.848,108.495,95.92,107.539,103.534,108.649,100.921,101.819,96.44199999999999,95.70399999999999,100.149,95.49800000000001,104.485,99.874,94.345,100.167,96.492,99.868,93.562,95.68000000000001,93.364,89.83,89.17700000000001,90.734,94.563,95.536,81.343,91.467,84.259,89.422,85.648,90.098,93.16500000000001,90.80500000000001,94.685,89.884,92.78700000000001,91.34099999999999,82.916,88.161,84.429,88.452,86,87.40000000000001,88.2,88.8,92.2,85.59999999999999,91.5,78.5,66.8,82.40000000000001,78.5,82.5,85.40000000000001,84.2,83.40000000000001,80.8,85,79,87.59999999999999,84.40000000000001,78.59999999999999,85.2,81.7,82,82.5,85.5,82.90000000000001,77.90000000000001,80.2,74.5,80,73,75.5,78,75.40000000000001,77.2,77.2,69.59999999999999,76,73.2,76.3,73.09999999999999,74.5,72.3,62.7,73.59999999999999,72,70.09999999999999,76.8,78.90000000000001,77.7,77.09999999999999,79.59999999999999,76.5,78.5,78.09999999999999,69.90000000000001,78.40000000000001,76.59999999999999,78.40000000000001,74.09999999999999,74.8,76.3,74.8,73.90000000000001,71,71.09999999999999,66,63.9,71.2,69.8,70.40000000000001,66.8,67.40000000000001,68.7,65.59999999999999,67,65.5,66.40000000000001,66.59999999999999,60.2,65.3,63.7,65.90000000000001,65,70.3,73.7,67.178,66,63,66,64,57,65,63,66,62,62,65,65,65,65,65,65,61,70,69,74.2,71.3,73.7,70.3,67.2,70.90000000000001,70.59999999999999,70.40000000000001,70.051,68.20999999999999,71.40000000000001,70.7,69.8,66.8,69.59099999999999,68.5,64.40000000000001,67.3,63.4
1.2 Production d'hydrocarbures extraits du gaz naturel (en kt),74.3,67.5,70.5,67.7,69.2,48.9,57.3,59.5,54.8,58,57.7,74.3,68.3,61.3,64.90000000000001,61.7,56.7,54.5,53.5,53.5,43.8,49.1,61.9,62.6,60.9,52.6,57.5,48.4,61.8,50.1,51.4,52.8,44,59.9,55.7,60.6,58,54.7,50.5,53.7,54.6,36.9,50.7,57.5,47.6,55.1,54.4,58.6,54.4,52.5,49.8,50.9,51.3,50.9,51.7,53.2,35.3,43.8,50.2,52.4,53,45,38,32,41,38,45,47,41,43,43,41,40,38,41,37,29,21,32,35,26,34,34,35,39,38,38,28,32,35,34,27,19,16,30,37,28,30,36,33,34,30,31,31,31,32,33,34,33,31,34,36,36,22,2,18,37,35,35,34,35,30,32,31,32,31,30,29,21,28,30,31,31,29,32,30,31,21,28,26,27,30,29,30,32,29,32,35,29,21,30,32,18,23,33,36.1,24.1,28.5,32.3,29.9,29.7,25.7,30.7,30.8,25.3,28.9,29.5,29.7,29.2,26.4,28.8,25.5,28.5,12.4,18.7,28,26.8,26,29,27.3,28,26.3,32.2,26.3,26.7,17.9,15.9,23.4,25.5,25.5,23.6,23.5,22.3,20.8,22.5,22.5,21.4,18.4,22.3,21.1,20,18.8,19,19,20.2,17.4,15.9,18.1,15.2,14.4,17.7,17.9,18.2,18.7,19.1,18.1,16.2,15.6,17.8,15.6,4.9,12.8,17.5,18.4,17.9,17.9,16.4,16.5,16.5,15.7,15.8,14.1,10.3,2.4,15.3,17.6,15.9,16.4,16,16.8,16.7,14.7,16.9,15.5,15.4,14.7,14.6,15,15,15.4,11.3,12.1,15.5,14.2,14.766,13.83,16.282,15.357,15.394,15.275,14.923,14.168,12.422,15.318,14.436,12.749,14.123,13.635,13.862,11.371,11.955,13.916,12.905,9.693,13.636,17.111,12.795,12.292,13.347,12.756,13.334,12.103,12.788,13.174,12.292,12.231,10.693,12.207,12.943,10.379,12.868,11.981,13.058,12.733,10.803,8.722,1.271,1.4,1.4,2.772,4.196,4.545,4.486,4.329,3.753,3.203,3.5,4.3,3.5,3,3.2,3.3,3.3,3.3,3.3,2.2,2.2,5.4,3.7,3.8,3.6,3.1,3.3,2,3.1,2.8,3.4,2.9,3,3,3.2,3.2,2.1,1.7,3.2,3.2,3,2.8,3,2.7,2.9,3.4,1.8,2.5,2.8,2.9,2.5,2.5,2.5,2.3,2.6,2,2.4,2.1,2.5,2.5,2.3,2.6,2.8,2.8,2.8,2.4,2.5,0.9,2.9,2.3,2.6,2.1,2.1,2.5,2.2,2.2,2.2,2,2.4,2.1,2.4,2.5,2.4,2.4,2.3,2.3,2.2,2.3,2.2,2.2,2.4,2,2,2.1,2.2,1.874,1.874,1.9,0,0,0,0,0,0,0,0,0,0,0,0,0,0,0,0,0,0,0,0,0,0,0,0,0,0,0,0,0,0,0,0,0,0,0,0,0
"2. Solde importateur (importations - exportations) tous produits petroliers (en kt),9268,9668,7759,8469,7697,7236,7598,6831,8650,8473,7548,9582,8871,7337,6937,7337,5673,8269,7257,6635,7384,7528,7261,7295,8478.700000000001,5778.4,6021.8,6204.8,7563.1,7139.7,7264,6811.7,5813.3,6514.8,6362,8841.700000000001,9046.6,7248.6,7730,6961.9,6686.8,6086.5,6358.2,6431.2,5789.4,7834.3,6658.9,7247.1,7369.7,6668.7,7882.1,7000.7,4984.8,4980.1,6231.1,6275.4,6335.7,7489.6,6925.1,8285.5,6485.1,5823.3,7271.5,8445.700000000001,6656.3,6891,5800.5,7045.5,8926.299999999999,5695.2,6334.3,6331.4,10091.1,7147.7,5174.6,6514.8,6871.7,6089.4,6902.9,6825,6747.9,6922.3,7199.2,7626.2,7139.6,5699.5,6450.5,6254.3,7192.5,6333.4,7062.3,6675.7,6733.5,7342.1,7689.7,9426.200000000001,7781.4,5828.9,6750.8,7514.4,6564.8,5933.2,7273.3,6625,7019.1,7388.8,8788.4,8216.6,7475.5,7102.4,6706.5,6935,8232.1,6584.7,8151.9,7184.4,6473.8,7015.7,6213.4,7604.2,8664.9,7422.1,7450.9,6331.5,6776.3,7869,7177.8,7672,6699.9,8575.700000000001,8188,8076.7,8865.2719,7489.339,7935.8216,8176.5662,8219.1409,7110.9114,7289.5508,7416.8532,7416.881,8325.368700000001,7516.6257,7775.5462,8140.7649,6792.6406,6941.8322,7105.8836,7512.3507,6864.394,7755.8372,7503.2068,6251.7514,7451.8015,6921.0812,8434.052600000001,8449.9056,6224.5857,6386.1459,7194.7392,6941.1756,7454.7748,7338.7738,7002.3546,7186.406,7411.1524,7333.4597,6555.6078,7856.5362,7122.7234,6652.0168,7437.0817,8055.3652,7535.0779,8072.1833,6597.8714,7157.6764,7154.8332,6970.1096,7824.7057,7134.2311,7540.7077,7938.3281,8382.0553,6956.435,6352.7677,8380.983,6992.5169,7130.459,7897.1287,7912.1328,7764.6987,8219.5388,7892.0647,7040.3291,7256.2923,7544.7078,6214.0888,7810.4064,7626.4922,6848.301,8207.687400000001,7829.6027,7990.5035,7194.9319,7485.9255,6274.0396,8166.8473,7671.5605,6503.5709,8377.702300000001,7700.53,7482.7872,7673.3061,7149.983,8655.2526,8811.831899999999,7148.821,7701.1482,6855.4277,7721.3589,7249.6115,7225.7365,7535.0987,6301.6646,6704.024,6941.7528,7826.3338,8257.9337,7356.5234,7938.7621,6568.1657,6898.9069,6518.2758,6735.7243,6965.5556,6993.617,7410.0714,7374.89,7544.7907,7991.1398,7405.285,7898.3225,6767.2535,7344.1796,7890.0489,7120.683,8775.7289,7263.9034,8746.7675,7033.7972,7950.6352,8139.5729,7756.5801,6932.1334,7226.0285,8407.2938,6662.0588,8274.273300000001,7874.1202,7682.8219,7365.9851,6889.0545,7778.3583,7857.5666,6679.1755,8606.554899999999,7734.4765,7451.2556,6193.7948,8271.0056,8681.3058,7093.5519,8134.2956,7586.2399,8103.9008,7653.6393,6652.1543,8227.0609,8597.3869,7382.4183,7957.0934,8457.670099999999,7813.0249,8220.597,8341.650299999999,8125.2862,7930.2288,7822.287,8340.919099999999,9591.1183,8007.9111,8204.8017,5757.2469,8433.472299999999,8344.316699999999,7524.7765,8357.3845,7551.4529,7727.0872,8561.113300000001,7175.6833,8398.1639,7259.4198,7435.9759,7118.4217,8660.3881,8579.569100000001,6312.1254,7726.3464,7905.7464,8533.66,7700.6789,7723.8488,5773.9303,9672.454900000001,7134.2368,6988.8065,7921.4308,7972.3689,7286.5419,7824.4446,8139.121,8123.5702,8870.0802,6701.3671,8337.4691,6965.6626,7449.824,7244.3581,8313.203,7497.743,7011.9659,8160.8011,7290.9126,7547.4942,7587.5056,6959.2881,8729.1027,7397.3517,8046.1293,6989.0162,7457.7017,7539.5364,6459.2016,7481.1516,7528.772,7050.5497,7851.0754,5758.2815,8023.981,6870.5361,6914.7555,6608.5295,6843.524,7600.2411,7036.166,5190.3293,8984.3307,6604.6496,8455.103999999999,6246.8257,6976.7158,7337.2541,6876.1939,6960.7335,7136.91,6828.259,7189.0417,7472.6501,6877.0202,6759.9205,7355.101158,5964.39622,7119.347912,6339.519347,6501.241508,6996.546365,7162.759614,7921.550357,6371.533538,6427.370136,6517.388409,7112.673293,6706.611517,5999.605151,6665.244514,6747.586392,7426.439416,6281.728412,7562.318957,6583.362939,6200.832801,7132.764771,6556.808081,6548.354931,7070.112012,5534.602667,6005.537793,6851.798296,6728.159922,6038.37294,7146.090458,7075.617651,6723.120411,6520.67672,6068.615365,7052.167776,7006.753526,5569.181387,7410.68084,6181.103928000001,6856.396976,5959.417206,6860.636248,6133.798081,7345.672145,7065.592779,5791.593205,7536.229018,6658.035566,6245.925832,6155.234173,6990.338523,5324.685978,5596.42591,7015.174672,6550.549405,6656.190876,6690.81213,""-"""
"2.1 Importations totales de produits petroliers (en kt),9856,10490,9140,9275,8662,8143,8662,7839,9571,9335,8407,10635,9752,8411,7933,7936,6410,8783,7989,7316,7882,7903,7683,8188,9165.1,6403.5,7174.2,6926.7,8128.5,8096.3,8108.9,7662.6,7044.3,7818,7206.5,9858.1,9782.4,8031.8,8672.6,7724.3,7566.9,7518.2,7333.8,7342.3,6714.2,8644.9,7455.3,8358.5,8301.700000000001,7585.8,8788.4,7992.7,6126.7,5860.5,7248.9,7312.6,7295.9,8570.799999999999,7865.6,9405.9,7524.4,6884.6,8068.4,9249,7903.1,7938.4,7246.5,8380.4,10022,6821.5,7544.1,7428.6,10925.1,8029.9,6290.1,7380.3,7654.6,7174,7964.6,7769.8,7723.7,7876.4,8002.6,8654.799999999999,7953.2,6699.3,7533.1,7330.4,8244.299999999999,7493.9,8182.3,7737.6,7802.3,8443.299999999999,8795.200000000001,10440.2,8679.299999999999,6614.3,7755.9,8423.799999999999,7485.3,7171,8174.3,7912.5,8005.1,8657.6,9792.5,9090,8520.4,7864.7,7673.6,8019.5,9346.799999999999,8159.2,9391.700000000001,8551.4,7601.4,8667.5,7712.7,8720.5,9660.6,8433.6,8640.9,7846.2,7858.8,8838.5,8647.799999999999,8833.6,7972.1,9360.5,9410.799999999999,9422.1,10015.9,8508.200000000001,8923.299999999999,9187.6,9306.299999999999,8292.700000000001,8420.700000000001,8651.5,8360.9,9452.1,8664.1,8914,9013.299999999999,7820.4,8228.299999999999,8435.200000000001,8787.799999999999,7953.4,8911.799999999999,9092.6,7929.5,8790.6,8434.700000000001,9961.6,9655.9,7333.4,7994,8877.799999999999,8149.5,8464.299999999999,8421.700000000001,8198.299999999999,8062,8416.799999999999,8460.9,8106.3,8859,7970.8,7907.5,8347.799999999999,8924.9,8780.700000000001,9075.4,7663.3,8480,8421.299999999999,8172,8923.6,8343.5,8970.4,9333.200000000001,9687.200000000001,8243.1,7720.6,9675.9,8376.299999999999,8389.6,9085.1,9217.1,9142.1,9487.5,9235.5,8541.6,8762.299999999999,9183.9,7999.3,9275.6,9079.700000000001,8504.9,9590.6,9379.9,9407.1,8804.9,9189.4,8227.1,10039.8,9882.700000000001,8341.299999999999,9933.9,9463.799999999999,9124.5,9247.799999999999,8718,9987.4,9939.700000000001,8481.9,9353.700000000001,8021.5,9103,8483.6,8442.6,9174.5,8269.1,8481.700000000001,8509.700000000001,9417.5,9848.799999999999,8926.799999999999,9588.5,8379.4,8557.700000000001,8301.700000000001,8478.299999999999,8881.1,8752.299999999999,9241,9457.700000000001,9366.299999999999,9787.781499999999,9220.827600000001,9490.463299999999,8555.397199999999,9196.384599999999,9379.470799999999,8396.4465,10461.1046,8899.315699999999,10552.1946,8994.0972,9660.705599999999,9598.230600000001,9487.290800000001,8663.5636,8794.053,10015.1602,8426.330599999999,9639.087100000001,9290.09,9078.340399999999,8985.205099999999,8220.2335,9956.3089,9724.098599999999,8380.5388,10150.3664,9233.4377,9298.454100000001,7781.2621,9928.3491,10161.7857,8798.3297,9962.361199999999,9228.4948,10532.1715,9408.4966,8420.171200000001,10225.3691,10118.6922,8910.341500000001,9717.4962,10584.8286,9431.669900000001,10103.7884,10211.0847,9853.7577,10249.0004,9599.8212,10407.9252,11559.697,9964.4336,10211.123,8032.7157,10478.9512,10531.3623,9552.156199999999,10407.2801,10109.9699,9934.5731,10813.9118,9259.611500000001,10348.5547,9041.6209,9576.715099999999,9277.071099999999,10526.7886,10690.8636,8690.783100000001,10094.5387,10279.9902,10671.8619,9887.135899999999,9655.3518,7650.2582,11626.6748,9354.517900000001,8996.4169,10097.7764,10011.558,9269.477000000001,9758.9913,10054.1068,10145.2345,11170.0152,8880.3758,10511.0071,8983.2493,9943.345799999999,9393.0769,10765.0363,9509.464900000001,9588.746300000001,10609.1061,9617.9213,10062.6061,9474.847900000001,9122.909400000001,10632.046,8724.930700000001,9540.106599999999,9053.580099999999,9447.7093,9098.8105,8206.1072,9171.196400000001,8950.786099999999,8890.695400000001,9119.574199999999,7431.2821,9965.266600000001,8942.936,8552.9725,8230.922699999999,8668.4427,9587.6628,8657.6302,6150.8096,10786.4279,8589.161899999999,10177.4882,8099.9834,8724.692499999999,8757.3079,8784.9445,8846.193499999999,8534.030199999999,8621.465899999999,8829.049300000001,9073.0918,8579.518899999999,8417.509400000001,9117.916080000001,7739.388657,8566.237701,7547.985256,7921.880726,8492.984501999999,8659.525683,9682.545964999999,7721.827686,8320.445194,8239.347092,8687.017571,8221.932649,7746.660006,7930.607386,8426.104101999999,9041.885136000001,7642.814374,9038.680904999999,8011.755599,7568.172767,8527.332043,8030.024789,8043.103432,8744.821193,6912.618497,7478.501316,8238.339738000001,7995.319799,7457.468703,8646.882965000001,8456.327098,8422.916112999999,8159.945715,7680.006371,8621.415374,8700.970753,6976.737557,9419.246141,7838.836719,8298.585853000001,7483.284933,8308.889725999999,7584.2813,9131.664988,8929.966183000001,7549.496398,9362.24214,8187.319176,7814.070126,7929.081691,8714.670909,6768.567965,6736.735884,8820.000688,8338.490422999999,8176.2192,8054.35703,""-"""
"2.1.1 Importations de petrole brut et condensats (en kt),8475,9348,8088,8128,7007,6539,7098,6223,6918,7337,6462,8665,7914,6829,6107,5833,4593,6671,6027,5002,5566,5115,5165,5767,6968,4701.8,4939.2,4715.1,5706.2,6099.6,6341.1,5944.4,5253.7,5918.5,5116.9,7172.4,7814.2,6203.7,6572.7,6071.6,5765.5,5392.8,4942.1,5146.9,4622.4,5745.6,5466.7,6370.4,6367.6,5774.5,6936.9,5844.1,4411.2,3987.9,4970.7,5807.3,5267.8,6288.9,6050.9,6951.3,5919.5,5231.7,5324.4,6381.9,5025.2,5493.2,4942.7,6144.8,7201.8,4490.3,4871.3,4983.4,7087.3,5341.7,3916.6,4335.6,4810.3,4806.9,5253.6,4834.8,5392.7,4987.7,5201.9,6106.3,5432.7,4699.6,5079.7,4968.7,5803.1,5184.3,5554,5018,5340,5986.2,6160.7,7766.8,6142.6,4415.2,4896.6,5839.2,4799.3,4960.5,5244.8,5429.7,5605.5,6008.7,7165.3,6516.8,6099.3,5589.3,5064.8,5216.6,7168.2,6043.3,6990.8,5754,5054.9,6115,5589.7,6221.1,6634.7,5778.5,6535.9,5679,5568,6447.8,5859.3,6146.6,5688.3,6119.7,6379.4,6637.9,7079.6,5739.9,5950.8,6475.5,6478,5683.2,5164,5478.9,5226.3,6096,5626.6,6486.6,6139.5,5499.2,5707.6,5966.5,6422,5859.3,6507.7,6885.7,5942.5,6988.6,6526.7,7376,7075.5,5098.4,6121.6,7315.8,6160.2,6061.6,5664.8,5928.1,6053.3,6485.8,6507.2,6247.9,6560.3,5884.1,5782.8,6287.4,6816.3,6731,7134.6,5875.4,6274.1,6632.8,6318,6635.8,6705.4,6924.9,7212.9,7530.6,6441.7,6131.5,7836.7,6498.8,6389.3,7167.1,7350.3,6925.7,7351.3,6865.5,6508.5,7239.8,7735.7,6464.6,7750.6,7353.8,7014.8,7965.3,7339.4,7698,7165.1,7350.1,6601,8526.9,8290.9,6753.4,8263.1,7760.9,7611.8,7254,6822.5,7940.4,7661.3,6521.9,6965.3,6357.6,7435.8,6725.4,6547.3,7290.5,6150.9,6759.2,6431.7,7043,7403.5,7363.3,7425.9,6583.1,6854.1,6446.7,6674.9,7243.3,7171.4,7282.4,7276.2,7738.6,7867.5,6829.1,7020.6,6392,7267.8,7100.3,6377.9,7822.7,6867.4,8207.5,7105.1,7439.8,6716.1,6847.4,5858.7,6261.9,7761.4,6231.5,7103.2,6611.1,6621.8,6610.4,6233.5,7160.6,7290.8,5938,7387.3,6426.5,7196.7,5962.6,7651.5,7722.1,6886.3,7683.4,7323,7950.9,7051.4,6832.8,7894.9,7462.5,6531,6328.1,7639.7,7136.6,6778.5,7373,7301.5,6798.3,6966.5,7103.5,7294.4,7138.5,7431.2,5288.2,7561.9,7298.6,6673.5,7485.6,6492.1,7427.4,7274.9,5871.9,6578.1,6017.2,6305,6352.2,7458.7,7821.8,6047.9,7443.9,7281.3,7549.1,6858,6707.1,5137.3,7808.7,7001.2,6576.6,7380.7,6780.4,6548,6297.8,6981.8,6921.8,7502,5944.3,6524.5,6400.6,6940.6,6280.3,8043.6,6765.8,7077.3,7744.5,6744.2,6862.8,5991.3,5850.5,6345.3,5809.4,6875.8,6052.8,6665,5880.2,5452.6,6039.8,5337.9,5138.2,5546.9,4356.6,6023.4,5979.7,5443.6,5221.8,5748.4,6239.1,5449.9,2981.3,5994.5,5101.7,6206.3,4842.1,5137,4719.5,5496.6,5639.8,5172.7,5333.8,5397.2,5477.5,5220.9,5539.3,5336.8,4214,4212.9,3872.6,4303,5028.8,5328.9,5876.9,4216,4611.5,4880.5,4685.8,4164.4,4461,4327.1,4937.8,5585.1,4656.3,5307.1,4899.8,4020.8,4376.5,4257.5,4193.4,4199.2,3712.9,4246.2,4471.9,4336,4068,4713.2,4787.6,4840.6,4767.9,4317.8,4992.2,4958.5,4570.8,5526.9,4533.5,5183.8,3847.8,4335.1,3882.1,5383.9,5005.8,4342.3,5310.3,4578,4488.9,4506,5495.121,2827.547,2885.843,5322,4740.717,4882.762,5324.04,""-"""
"2.1.2 Importations d'autres produits à distiller (APD) (en kt),153,143,198,294,338,211,277,618,698,494,576,446,443,324,363,619,254,338,385,370,407,415,273,198,184.4,291.5,216.9,511.4,334.1,177.8,366.5,373.9,284,287.6,302.5,263.3,233.1,158.3,235.1,146.1,303,244.7,601.5,263,354.6,433.9,89.8,425.9,320.6,203.6,353.5,453.9,433.2,810.3,790.5,465.1,672.4,287.6,222,224.2,168.6,237.5,224.7,152.5,226.5,483.9,432.5,265.4,309.4,344.7,360.2,253.3,311.9,260.2,443.2,313.7,309.4,438.9,494.3,502.5,402.7,352,290.6,177.6,521.7000000000001,389.2,421.6,461.4,464.1,681.6,555.7000000000001,779.5,354.2,319.7,388.6,133.8,175.5,391.7,469.4,394.3,295.9,318,421.5,442.4,443.1,216.8,176.1,121.2,116.7,216.8,346.2,280.9,107.8,205.9,220,238.5,331.7,154.9,154.7,148.4,152.8,62.1,107,279.4,185.3,301,265,217.8,278.2,134.5,168.5,80.3,146.3,50,301.9,284.7,240.3,427.8,277.3,240.8,344.4,180.4,143.9,238.6,272.7,125.8,238.7,270.7,205.6,237.5,255.3,239.7,210.4,173.9,103.5,123.5,191.6,285.9,74.90000000000001,80.59999999999999,141.5,130.3,292.5,204.3,153.6,82.5,84.2,100.7,87.90000000000001,45.3,26.2,183.5,148.2,114.3,131.7,18.7,140.8,73.8,54.8,58.7,0,48.6,54,21.8,105.1,91.40000000000001,58,133,43.9,49.9,0,0,70,27.1,0,30.7,0,0,26.5,0,0,0,0,0,0,0,0,0,0,0,0,52.6,30,0,0,0,0,0,0,0,0,0,57.7,96,32.4,0,34.5,0,0,0,0,0,33.5,33,68.09999999999999,0,28.8,0,0,0,0,29.3,0,32.5,0,0,20.5,0,0,0,0,0,0,0,0,0,2.8,0,0,0,0,0,0,0,0,0,0,0,0,0,0,0,0,0,0,35.7,0,0,0,0,0,0,0,0,0,0,0,0,0,0,0,0,0,0,0,0,0,0,0,0,0,0,0,0,0,0,0,0,0,0,0,0,0,0,0,0,0,32.8,34.9,84,0,0,0,0,0,0,34.4,62.6,97.2,90.7,101.9,69.09999999999999,33.8,29.2,0,0,0,0,31.3,38,0,28.5,55.5,57.8,0,0,38.2,0,33.2,0,0,0,0,0,0,0,0,0,0,0,0,0,0,0,0,0,35.1,81.8,34,38.1,37.9,0,0,0,0,0,0,73.40000000000001,34.5,35.3,35.4,73.59999999999999,0,0,0,53.9,38.1,34.6,34.8,34.9,20,34.7,16.4,37.1,0,63.5,31.7,31.8,51.3,66.2,13.1,0,0,0,0,0,0,0,0,0,0,0,0,32.9,48,71.7,45.1,34.9,0,0,0,15.4,67.8,33.694,0,0,35,26.053,26.032,0,""-"""
"2.1.3 Importations de produits petroliers raffines (en kt),1228,999,854,853,1317,1393,1287,998,1955,1504,1369,1524,1395,1258,1463,1484,1563,1774,1577,1944,1909,2373,2245,2223,2012.7,1410.2,2018.1,1700.2,2088.2,1818.9,1401.3,1344.3,1506.6,1611.9,1787.1,2422.4,1735.1,1669.8,1864.8,1506.6,1498.4,1880.7,1790.2,1932.4,1737.2,2465.4,1898.8,1562.2,1613.5,1607.7,1498,1694.7,1282.3,1062.3,1487.7,1040.2,1355.7,1994.3,1592.7,2230.4,1436.3,1415.4,2519.3,2714.6,2651.4,1961.3,1871.3,1970.2,2510.8,1986.5,2312.6,2191.9,3525.9,2428,1930.3,2731,2534.9,1928.2,2216.7,2432.5,1928.3,2536.7,2510.1,2370.9,1998.8,1610.5,2031.8,1900.3,1977.1,1628,2072.6,1940.1,2108.1,2137.4,2245.9,2539.6,2361.2,1807.4,2389.9,2190.3,2390.1,1892.5,2508,2040.4,1956.5,2432.1,2451.1,2452,2304.4,2058.6,2262.6,2522,2070.8,1910,2180.9,2558.9,2214.8,2397.6,1968.3,2351,2873.1,2593,1998,1887.8,2105.5,2089.7,2523.5,2469.2,2005.6,3106.3,2862.9,2703.9,2790,2718.3,2670.6,2427.4,2588,2181.7,2979.4,2931.8,2790.2,3175.7,2893.6,2188.8,2601.1,2195.4,2282,2198,2160.2,1856.6,2148.8,1967.2,1776.6,1628.1,1804.5,2462.1,2388.8,1949.1,1797.5,1481.4,1847.8,2272.4,2464.4,2065.9,1855.1,1848.5,1869.5,1757.7,2210.8,2041.4,2098.5,1876.9,1960.4,1935.4,1809.1,1769.2,2065.1,1714.7,1799.2,2229.1,1638.1,1996.9,2066.3,2134.8,1696.3,1497.7,1781.2,1744.5,1956.4,1868.1,1866.8,2216.4,2066.2,2342.9,2033.1,1491.8,1448.2,1534.7,1498.5,1725.9,1490.1,1625.3,2040.5,1709.1,1639.8,1839.3,1626.1,1512.9,1591.8,1587.9,1670.8,1650.3,1482.7,1993.8,1895.5,2047,2278.4,1960,2388.4,1663.9,1667.2,1758.2,1837.6,1788,2085.8,1722.5,2043.5,2374.5,2445.3,1563.5,2162.6,1796.3,1670.1,1822,1735.3,1637.8,1552.1,1958.6,2181.5,1627.7,1920.2815,2362.4276,2469.8633,2130.8972,1928.5846,2279.1708,1998.0465,2638.4046,2031.9157,2344.6946,1888.9972,2220.9056,2882.1306,2639.8908,2804.8636,2532.153,2250.9602,2194.8306,2535.8871,2678.99,2456.5404,2374.8051,1986.7335,2795.7089,2433.2986,2442.5388,2763.0664,2806.9377,2101.7541,1818.6621,2276.8491,2439.6857,1912.0297,2278.9612,1905.4948,2545.5715,2357.0966,1587.3712,2330.4691,2656.1922,2379.3415,3389.3962,2945.1286,2295.0699,3325.2884,2838.0847,2552.2577,3450.7004,2633.3212,3304.4252,4265.297,2825.9336,2779.923,2744.5157,2917.0512,3232.7623,2878.6562,2921.6801,3617.8699,2507.1731,3539.0118,3387.7115,3770.4547,3024.4209,3271.7151,2924.8711,3068.0886,2869.0636,2642.8831,2650.6387,2998.6902,3122.7619,3029.1359,2948.2518,2512.9582,3817.9748,2353.3179,2387.0169,2682.1764,3147.158,2721.477,3461.1913,3072.3068,3223.4345,3668.0152,2936.0758,3952.1071,2520.0493,2905.5458,3022.0769,2619.5363,2674.5649,2477.6463,2835.4061,2873.7213,3199.8061,3483.5479,3272.4094,4255.446,2877.5307,2664.3066,2972.2801,2727.2093,3160.8105,2753.5072,3131.3964,3574.6861,3752.4954,3539.4742,3074.6821,3941.8666,2963.236,3109.3725,3009.1227,2920.0427,3348.5628,3207.7302,3169.5096,4791.9279,3487.4619,3971.1882,3257.8834,3587.6925,4037.8079,3288.3445,3206.3935,3326.2302,3205.8659,3397.8493,3557.4918,3320.7189,2878.2094,3781.11608,3525.388657,4353.337701,3675.385256,3618.880726,3390.784502,3296.125683,3770.345965,3470.427686,3635.345194,3358.847092,4001.217571,4057.532649,3231.760006,3565.407386,3453.704102,3421.985136,2951.614374,3711.580905,3077.255599,3530.972767,4113.732043,3772.524789,3786.203432,4513.921193,3167.918497,3181.001316,3700.239738,3646.219799,3389.468703,3933.682965,3668.727098,3582.316113,3392.045715,3362.206371,3629.215374,3742.470753,2405.937557,3892.346141,3305.336719,3114.785853,3602.584933,3925.789726,3630.4813,3702.664988,3889.266183,3207.196398,4051.94214,3609.319176,3309.770126,3355.281691,3185.855909,3941.020965,3850.892884,3463.000688,3571.720423,3267.4252,2730.31703,""-"""
"2.2 Exportations de produits petroliers raffines (en kt),588,822,1381,806,965,907,1064,1008,921,862,859,1053,881,1074,996,599,737,514,732,681,498,375,422,893,686.4,625.1,1152.4,721.9,565.4,956.6,844.9,850.9,1231,1303.2,844.5,1016.4,735.8,783.2000000000001,942.6,762.4,880.1,1431.7,975.6,911.1,924.8,810.6,796.4,1111.4,932,917.1,906.3,992,1141.9,880.4,1017.8,1037.2,960.2000000000001,1081.2,940.5,1120.4,1039.3,1061.3,796.9,803.3,1246.8,1047.4,1446,1334.9,1095.7,1126.3,1209.8,1097.2,834,882.2000000000001,1115.5,865.5,782.9,1084.6,1061.7,944.8,975.8,954.1,803.4,1028.6,813.6,999.8,1082.6,1076.1,1051.8,1160.5,1120,1061.9,1068.8,1101.2,1105.5,1014,897.9,785.4,1005.1,909.4,920.5,1237.8,901,1287.5,986,1268.8,1004.1,873.4,1044.9,762.3,967.1,1084.5,1114.7,1574.5,1239.8,1367,1127.6,1651.8,1499.3,1116.3,995.7000000000001,1011.5,1190,1514.7,1082.5,969.5,1470,1161.6,1272.2,784.8,1222.8,1345.4,1150.6281,1018.861,987.4784,1011.0338,1087.1591,1181.7886,1131.1492,1234.6468,944.019,1126.7313,1147.4743,1138.4538,872.5351000000001,1027.7594,1286.4678,1329.3164,1275.4493,1089.006,1155.9628,1589.3932,1677.7486,1338.7985,1513.6188,1527.5474,1205.9944,1108.8143,1607.8541,1683.0608,1208.3244,1009.5252,1082.9262,1195.9454,875.5940000000001,1005.6476,1127.4403,1550.6922,1002.4638,848.0766,1255.4832,910.7183,869.5348,1245.6221,1003.2167,1065.4286,1322.3236,1266.4668,1201.8904,1098.8943,1209.2689,1429.6923,1394.8719,1305.1447,1286.665,1367.8323,1294.917,1383.7831,1259.141,1187.9713,1304.9672,1377.4013,1267.9612,1343.4353,1501.2709,1506.0077,1639.1922,1785.2112,1465.1936,1453.2078,1656.599,1382.9126,1550.2973,1416.5965,1609.9681,1703.4745,1953.0604,1872.9527,2211.1395,1837.7291,1556.1977,1763.27,1641.7128,1574.4939,1568.017,1332.1474,1127.8681,1333.079,1652.5518,1166.0723,1381.6411,1233.9885,1216.8635,1639.4013,1967.4354,1777.676,1567.9472,1591.1662,1590.8663,1570.2766,1649.7379,1811.2343,1658.7931,1783.4242,1742.5757,1915.5444,1758.683,1830.9286,2082.81,1821.5093,1796.6417,1815.5426,1592.1408,1788.1437,1852.205,1489.4219,1275.7635,1685.3757,1635.4123,1805.4271,1960.3,1710.0704,1458.6577,1730.7107,1731.4302,1568.0245,1607.8664,1764.2718,1364.8138,1415.9698,1395.5185,1619.22,1331.179,2177.9506,1866.532,1701.3633,1543.8115,1498.9612,1847.1985,1587.4673,1657.3435,1480.4799,1704.7778,1828.0656,1642.2549,2428.2707,1754.8573,1768.0169,1998.3082,1521.3053,1527.9232,1760.4028,2127.1585,1618.645,1883.1914,1869.4344,1728.4715,2318.7716,1777.5342,2067.0061,1968.5787,1956.5225,2006.3213,2275.4688,2045.4789,2187.0456,2027.3797,2049.8956,2558.517,2207.4859,2252.7985,2083.9282,1950.3908,1782.2011,2140.7392,2158.6494,1866.4005,2111.2945,2378.6577,2368.1923,2374.2438,2138.2019,2186.457,1931.503,1876.3279,1954.2199,2220.2811,2007.6104,2176.3456,2039.1891,1982.9351,1934.5467,1914.9858,2021.6643,2299.935,2179.0087,2173.538,2017.5867,2493.5218,2148.7188,2451.8333,2011.7219,2576.7804,2448.305,2327.0087,2515.1119,1887.3423,2163.6213,1902.9433,1327.579,1493.9773,2064.5639,1990.0076,1559.2741,1746.9056,1690.0448,1422.0141,1840.1457,1268.4988,1673.0006,1941.2856,2072.3999,1638.217,1622.3932,1824.9187,1987.4217,1621.4642,960.4803000000001,1802.0972,1984.5123,1722.3842,1853.1577,1747.9767,1420.0538,1908.7506,1885.46,1397.1202,1793.2069,1640.0076,1600.4417,1702.4987,1657.5889,1762.814922,1774.992437,1446.889789,1208.465909,1420.639218,1496.438137,1496.766069,1760.995608,1350.294148,1893.075058,1721.958683,1574.344278,1515.321132,1747.054855,1265.362872,1678.51771,1615.44572,1361.085962,1476.361948,1428.39266,1367.339966,1394.567272,1473.216708,1494.748501,1674.709181,1378.01583,1472.963523,1386.541442,1267.159877,1419.095763,1500.792507,1380.709447,1699.795702,1639.268995,1611.391006,1569.247598,1694.217227,1407.55617,2008.565301,1657.732791,1442.188877,1523.867727,1448.253478,1450.483219,1785.992843,1864.373404,1757.903193,1826.013122,1529.28361,1568.144294,1773.847518,1724.332386,1443.881987,1140.309974,1804.826016,1787.941018,1520.028324,1363.5449,""-"""
3. Marche des soutes maritimes (françaises et etrangères) (en kt),312.5,339.5,333.7,322.3,320,354.2,328.9,304,351.5,327.1,265.4,302.3,222.1,308.8,255.7,303.8,256.9,312.2,249.4,217.4,200.9,228.9,188.3,238.7,237.3,191.3,216.9,241.7,220.6,234.8,214,250,173.4,223.8,189.6,248.3,222.8,184.8,249.6,208.1,227.6,214.9,191.1,187.3,166.2,187.5,177,193.7,231.2,189.6,184.4,169,193.6,208.5,235.6,259.7,230.2,208.4,155.5,203.1,184.1,233.5,236.9,213.5,231.3,205,229.6,243.5,205.4,192.4,173.3,134.5,193.5,185.8,212.1,201.2,173.2,199,196.5,186.4,184.5,188.4,180.8,220.3,204.8,169.3,199.4,170.4,175.1,196.6,203.7,191,186.8,198.7,200.1,229.1,208.1,170,186.2,174.5,222.9,216.9,207.2,228.5,182.1,190.2,198.3,201.5,222.9,200.8,233.2,219,198.6,217,259.4,195.6,197.2,210.2,258.5,202.1,281.8,236.2,254.1,217.3,191.8,244.3,246,236.4,203.7,216.2,192.9,195.7,235,226.6,220.6,215.6,188.6,209,236.8,243.8,233.7,209.4,186.9,218.2,204.3,211.3,193.9,207.9,187.1,230.5,237.8,222.8,224.5,219.5,200.4,212.3,239.2,150.1,174.3,200.8,177.3,199.9,194.9,186.9,219.4,171.2,169.2,191.4,177.5,156.2,216.6,175.3,179.7,202.5,229.7,215.5,215.7,219,182.9,170.2,190.5,207.8,219,190,201.8,243.5,208.4,220.9,164.2,191.7,209,209.7,218.1,189.2,244.3,236.3,239.1,224.2,236.7,240.2,234.5,231.6,186.2,207.3,245.4,224.1,251.1,255.6,263.3,250.2,274.5,217.4,214.4,262.2,264,231.8,228.5,225.4,273.9,227.7,245.8,265.6,255.7,262.4,232.9,252.3,245.2,270,250.5,237.9,235.6,244.9,314.3,289.9,266.7,260.6,262.3,266.3,226.9,229.6,202.3,206,214.9,231.1,237.8,245.4,217.4,204.8,241.9,219.9,187.8,207.6,209.4,196.2,184.2,208,210.9,234.6,201.1,212.8,194.6,221.6,223.7,237.9,220.6,218.9,251.4,219.4,257.1,227.7,265.4,201.4,226.5,205.6,201.8,249.4,240.6,263.9,256.1,245.7,242.6,274.6,271,269.1,278.5,263.7,239.6,257.3,238.5,240.6,267.3,202.3,258.5,272.1,248.3,236.7,212.3,184.7,233.3,242.4,239.5,208.1,191.3,215.6,256.7,267.1,264.1,267,248.7,267.6,243,271,293.2,233,172.4,241.9,270.1,282,281.2,283.3,241.3,267.8,226.3,222.5,248.1,239.6,198.7,207.6,186.1,165.2,208.3,265.1,276.8,266.1,209.2,164,181.2,190.4,212.6,230.7,229,227.5,260.2,234.6,219.5,204.3,219,218.9,252.2,203.7,242.3,228.9,242.5,253,211.8,204.1,197.3,101.8,178.1,233.2,145.1,144.5,233.5,244.1,229.2,233.7,255.4,280.1,270,231,230.9,235.4,263.9,207.4,251.8,238.7,246.8,238,215,218.9,175.3,170.9,177.3,181.7,179.1,175.5,178.9,236.4,205.7,222,199.8,215.1,170.7,182.3,197.5,195.5,151.3,152,161.9,170.7,222,159.4,191.2,192.7,160.9,164,147.7,171.8,168.1,158.2,184.6,126.9,166.8,166.2,163.6,131.2,132.5,115.7,128.5,152.3,161.7,153.4,143.3,118.7,105.5,63.2,151.9,151.8,130.5,145.5,153.4
4. Consommation totale de produits petroliers (en kt),10647.12964,9074.421492,8275.113912999999,6705.018241,7716.044905,7189.305238,6709.154655,5358.942043,6398.270487,7642.133718,9023.804846999999,10257.00048,8134.911249,7553.745082,8903.739987999999,7714.194404,7180.596998,6645.149091,6600.301655,5877.953147,6647.761563,7351.605061,7606.212228,8362.087460000001,7804.651247,8288.611685,7797.575802,7983.605579,6918.043562,6258.176676,5604.84097,6224.867658,6322.073387,6914.016001,8003.416825,8932.150621000001,8690.496961000001,8348.916246999999,7841.225855,6661.477041,6554.583395,6463.799993,5671.785565,5646.20511,6361.260467,7626.132327,6958.210319,7006.976463,9297.025877,7136.946945,7247.868152,6316.086472,5968.736549,6042.103471,6045.042502,5501.43062,6517.791081,7290.429675,7170.909081,7227.077229,7521.633447,8397.246979,7059.008197,7625.805768,5766.814234,6211.587592,6635.896586,6498.632953,6494.714245,6806.033825,6593.008504,8081.682132,8077.98113,7242.425502,7734.332209,6611.840073,5781.727095,6631.977878,7034.08086,6092.828969,6491.448655,7226.315258,7089.813596,8376.891468,6786.875697,7523.701654,7933.424346,6545.004331,6131.036372,6684.771583,6555.563072,6161.950624,6978.021565,7045.401572,8120.216094,8021.595276,7734.332209,7631.248418,7840.790443,6641.774648,6383.357626,6917.281591,6569.060844,6521.274377,7164.70446,7875.841109,7902.074682,8464.300427,8270.324381,7027.005415,7631.901536,7008.282699,6448.016308,6935.677748,7572.90321,7217.062753,6605.308893,6895.075579,7177.004849,7892.713324,9119.051222,7315.901277,6941.011545,7034.189713,7229.145436,6825.409659,8069.490596,7077.186648,7194.312476,8461.034836999999,7565.610059,8731.643394999999,9067.672606,7977.727517,7829.687437,7734.658768,6477.624324,7037.34645,7836.000911,6972.03465,7630.051035,7923.627576,7171.453346,8144.925725,7569.202208,7664.775142,7948.663766,7553.30967,6778.385163,7697.322189,7574.536005,6692.064734,6919.894063,7433.897929,7956.501182,8198.590254000001,7482.881779,7412.453888,7677.728649,7440.320256,6947.325019,7588.686895,7484.405721,7352.802444,7772.648465,7626.894298,7284.225054,8254.867254999999,8134.911249,7131.830854,8288.502832,7242.316649,7304.907124,7704.397634,7891.515941,7089.160478,7432.700546,7461.328885,7638.21501,8371.557671000001,7946.486706,8352.508395999999,7939.084702,7677.184384,7149.247334,7103.093662,8213.720821000001,7303.383182,7869.963047,8150.368375,7355.632622,8412.486398999999,8930.735532000001,7589.666572,7341.264026,7726.168234,6955.380141,7375.661574,8418.69102,7331.467256,8001.130912,9018.47105,6789.597022,8451.238067,8272.936852999999,7799.752862,8075.042099,7610.892907,7301.641534,8132.189924,8583.821021,7382.301607,8105.19438,8175.731124,8254.649549,8984.073501999999,8264.881731,8160.273998,8598.951588,8023.663483,6959.189996,7920.14428,8198.916813,7704.61534,7823.373963,8320.070202000001,8421.412345000001,8985.924003,8662.848298999999,8104.323556,8522.427929,7579.43439,7504.434673,7520.871476,7818.584431,7906.319949,6863.617062,9250.436793000001,7990.463318,7890.318558,8873.261148,7766.66155,8318.655113000001,7404.072207,7384.914079,7657.481991,8357.297928,8052.94494,8380.483617,8541.912616,8022.030688,8250.730841000001,8834.291773999999,7546.669637,7921.668222,7622.649031,7264.196102,7511.401265,8705.736381000001,7463.723651,7878.78014,8310.491137999999,7597.9394,7642.024865,8531.027316,8154.504789,7612.525702,7583.026539,7089.269331,7506.394027,8325.403999,7221.199167,8275.658178,8401.818805000001,7278.346992,8310.817697,8039.414512,7802.909599,8382.116411999999,7782.336382,7003.448537,7760.493939,8046.979796,7441.284694,8303.737897999999,8096.097535,7716.806876,8298.626161,7924.933812,7904.360595,8666.147633000001,7464.031705,7535.452335,7594.456104,7720.723407,8023.609057,8087.325072,7572.005173,7776.883935,8030.470061,8353.606723000001,7791.317843,8515.220772000001,7424.699851,7464.7287,7751.81,7926.16,7531.04,7900.97,8335.690000000001,7574.38,7639.39,8163.65,7161.11,7901.85,7294.87,7042.09,7445.57,7836.51,7669.86,7575.15,8722.67,8245.16,7800.43,8265.84,7413.56,7584.06,7698.24,7373.41,7394.42,8063.88,7138.45,8077.96,8032.75,6968.39,8160.46,8312.59,7139.055,7792.07,7268.976,6636.52,7347.67,7415.43,6591.7786,7424.9054,7699.12,6734.75,7979.51,6836.5,7092.91,7577.35,7035.38,6775.89,7200.82,7489.9,7053.86,7712.87,7309.17,7086.97,7893.05,7270.89,7139.44,7513.22,6860.26,6979.72,7004.25,7329.96,7359.99,7612.99,7194.77,6498.69,6650.38,7042.42,7343.93,7019.1,6649.06,6774.13,7046.27,7447.88,6827.7,6970.92,7534.78,6874.12,6588.67,6817.69,6527.95,7031.86,7042.86,7066.29,6701.53,7593.41,6836.7948,6919.22,7550.73,6464.04,6738.6,6487.36,6178.15,6734.2,6722.54,6524.1,6855.97,7396.62,6573.16,7022.51,7176.07,6054.18,7163.42,6567.3223,6468.4147,6851.284,6958.5362,6180.9814,7031.6136,7558.2034,7070.4931,7315.0055,6965.0559,5960.2939,7071.9539,6236.89,6513.1,7109.52,6705.6,7085.1,6571.4,7075.53,6991.49,7023.72,7113.7,6360.472127
5. Ventes totales de produits petroliers raffines sur le marche interieur (en kt),9781.200000000001,8336.4,7602.1,6159.7,7088.5,6604.6,6163.5,4923.1,5877.9,7020.6,8289.9,9422.799999999999,7473.3,6939.4,8179.6,7086.8,6596.6,6104.7,6063.5,5399.9,6107.1,6753.7,6987.6,7682,7169.9,7614.5,7163.4,7334.3,6355.4,5749.2,5149,5718.6,5807.9,6351.7,7352.5,8205.700000000001,7983.7,7669.9,7203.5,6119.7,6021.5,5938.1,5210.5,5187,5843.9,7005.9,6392.3,6437.1,8540.9,6556.5,6658.4,5802.4,5483.3,5550.7,5553.4,5054,5987.7,6697.5,6587.7,6639.3,6909.9,7714.3,6484.9,7005.6,5297.8,5706.4,6096.2,5970.1,5966.5,6252.5,6056.8,7424.4,7421,6653.4,7105.3,6074.1,5311.5,6092.6,6462,5597.3,5963.5,6638.6,6513.2,7695.6,6234.9,6911.8,7288.2,6012.7,5632.4,6141.1,6022.4,5660.8,6410.5,6472.4,7459.8,7369.2,7105.3,7010.6,7203.1,6101.6,5864.2,6354.7,6034.8,5990.9,6582,7235.3,7259.4,7775.9,7597.7,6455.5,7011.2,6438.3,5923.6,6371.6,6957,6630.1,6068.1,6334.3,6593.3,7250.8,8377.4,6720.9,6376.5,6462.1,6641.2,6270.3,7413.2,6501.6,6609.2,7772.9,6950.3,8021.5,8330.200000000001,7328.9,7192.9,7105.6,5950.8,6465,7198.7,6405,7009.5,7279.2,6588.2,7482.5,6953.6,7041.4,7302.2,6939,6227.1,7071.3,6958.5,6147.8,6357.1,6829.3,7309.4,7531.8,6874.3,6809.6,7053.3,6835.2,6382.3,6971.5,6875.7,6754.8,7140.5,7006.6,6691.8,7583.5,7473.3,6551.8,7614.4,6653.3,6710.8,7077.8,7249.7,6512.6,6828.2,6854.5,7017,7690.7,7300.2,7673.2,7293.4,7052.8,6567.8,6525.4,7545.7,6709.4,7229.9,7487.5,6757.4,7728.3,8204.4,6972.4,6744.2,7097.8,6389.7,6775.8,7734,6735.2,7350.4,8285,6237.4,7763.9,7600.1,7165.4,7418.3,6991.9,6707.8,7470.8,7885.7,6781.9,7446,7510.8,7583.3,8253.4,7592.7,7496.6,7899.6,7371.1,6393.2,7276,7532.1,7078,7187.1,7643.4,7736.5,8255.1,7958.3,7445.2,7829.3,6963,6894.1,6909.2,7182.7,7263.3,6305.4,8498.1,7340.6,7248.6,8151.6,7135,7642.1,6801.9,6784.3,7034.7,7677.6,7398,7698.9,7847.2,7369.6,7579.7,8115.8,6932.9,7277.4,7002.7,6673.4,6900.5,7997.7,6856.7,7238,7634.6,6980,7020.5,7837.2,7491.3,6993.4,6966.3,6512.7,6895.9,7648.3,6633.9,7602.6,7718.5,6686.4,7634.9,7385.57,7168.3,7700.4,7149.4,6433.859,7129.334,7392.52,6836.086,7628.396,7437.643,7089.2,7623.7,7280.4,7261.5,7961.331,6856.983,6922.595,6976.8,7092.798,7371.05,7429.584,6956.175,7144.391,7377.353,7674.209,7157.651,7822.679,6820.85,6786.117,7047.1,7205.6,6846.4,7182.7,7577.9,6885.8,6944.9,7421.5,6510.1,7183.5,6631.7,6401.9,6768.7,7124.1,6972.6,6886.5,7929.7,7495.6,7091.3,7514.4,6739.6,6894.6,6998.4,6703.1,6722.2,7330.8,6489.5,7343.6,7302.5,6334.9,7418.6,7556.9,6490.05,7083.7,6608.16,6033.2,6679.7,6741.3,5992.526,6749.914,6999.2,6122.5,7254.1,6215,6448.1,6888.5,6395.8,6159.9,6546.2,6809,6412.6,7011.7,6644.7,6442.7,7175.5,6609.9,6490.4,6830.2,6236.6,6345.2,6367.5,6663.6,6690.9,6920.9,6540.7,5907.9,6045.8,6402.2,6676.3,6381,6044.6,6158.3,6405.7,6770.8,6207,6337.2,6849.8,6249.2,5989.7,6197.9,5934.5,6392.6,6402.6,6423.9,6092.3,6903.1,6215.268,6290.2,6864.3,5876.4,6126,5897.6,5616.5,6122,6111.4,5931,6232.7,6724.2,5975.6,6384.1,6523.7,5503.8,6512.2,5970.293,5880.377,6228.44,6325.942,5619.074,6392.376,6871.094,6427.721,6650.005,6331.869,5418.449,6429.049,5669.9,5921,6463.2,6096,6441,5974,6432.3,6355.9,6385.2,6467,5782.247388
5.1 Ventes totales de fioul lourd (FOL)  (en kt),2190.3,2029.4,1832.9,1167.3,1067.5,1122.7,977.9,1062.1,1291,1849.3,2031.6,2307.5,1780.1,1479.3,1506.9,1257.8,1114.6,1100.3,1098.6,895.4,1059.4,1383.3,1514.3,1455.3,1261.3,1324.3,1280.7,1038.9,868.9,912.2000000000001,729.9,531.2000000000001,637.1,933.1,1333.5,1525.2,1350,1120.1,1125.9,800.6,713.1,628.4,571.5,406,625.2000000000001,891.4,974.7000000000001,882.4,1263.4,837.3,720.3,609.1,529.6,583.4,452.2,317.6,469.9,638.3,852.9,881,834.9,832,662.8,659.3,408.2,400.1,384.2,376.1,454.1,518.2000000000001,622.5,682.2000000000001,1076.9,891.5,692.7000000000001,545.3,391.3,371.1,394.6,312.4,416.4,541.6,609.4,794.3,676.9,648.2000000000001,668.7000000000001,476.9,362.3,364.9,307,256,377.8,505.9,798.6,927.1,797.8,927.9,632.3,437.4,370.8,342.2,257.5,289.6,535.8,856.9,829.9,1200.2,971.2000000000001,735.1,569.2000000000001,465.8,465.7,427.6,378.1,269.6,297.9,441,536.2000000000001,680.1,754,767.4,591.3,483.6,687.3,540.9,552.5,432.9,580.1,786.2000000000001,777.3,942.5,860.2000000000001,817.8,681.2000000000001,534.3,379.3,332.6,284.1,279.4,406.9,510.7,555.6,655,485.4,598.3,540.3,384.3,299.9,351.7,289.7,253.4,371.4,435.9,578.7000000000001,663.8,450.9,486.6,445.9,374.5,301.7,308.8,266.3,221.4,371.6,415,471.9,541.9,492.3,421.1,442.2,364.5,353.8,340.3,294.3,314.7,353.9,402.7,511.6,693.3,554.2000000000001,607.5,552.2000000000001,515.8,334,312.7,270.5,221.1,310.6,449.2,337.9,635.8,641.9,517.1,393.8,347.9,294.4,273.2,257.3,208.5,330.3,441.3,411.1,590.1,524.3,539.5,397.3,360,325.3,330.9,331.9,331.3,482.1,506.4,506.7,640.7000000000001,674.3,563.2000000000001,472.1,354.1,229.7,238.7,231.2,210.1,271.8,355.6,447.8,532.8,579.9,645,613.2000000000001,295.4,230,216.2,202.3,194.4,241.3,386.3,371.5,316.3,353.4,306.2,311.8,252.2,202.7,211.2,207.2,195.4,247.8,307.1,340.9,389.1,594.3,415.7,260.3,232.3,207.5,183.7,186.5,197.7,228.5,310.1,298.2,276.5,342.2,298.4,263.8,228.1,198.5,230.7,259.7,243.8,284.3,318.2,340.9,328.3,284.8,285.7,311.8,214.1,207.2,187.2,213.8,222.3,205.4,227.8,250,349.5,296.9,325.2,476.4,261.9,220.1,188.7,176.6,223.1,248.5,292.7,263.4,307.8,443.2,398.9,442.3,288.4,205.8,203.1,181.1,229.4,221.6,249.7,288.4,261.2,352.3,230.3,201,180,145,172.7,166,142.8,170.1,250.3,391.7,398.2,289.3,213,207.8,182.4,155,193.3,240.2,178.3,223.3,222.7,275.2,324.3,487.6,306,244.8,154.7,132.4,118.3,124.3,116.2,159.4,182.8,199.2,248.9,259.2,209.5,186.5,106.3,115.8,159.8,132.2,150.5,123.6,194.8,242.9,252.1,186.9,150.4,132.4,104.6,132.2,120.1,113.6,96.8,114.7,155,179,161.2,140,181.8,138,101.9,90.90000000000001,98.7,83,86.3,103.5,128.9,128.2,129.3,107.1,110,112,83.5,74.3,70.90000000000001,80.2,60.2,72.59999999999999,110.4,108.9,94.59999999999999,80.7,63.7,60.6,54.4,43.9,45.3,56.7,57,57.2,60.6,82.40000000000001,98.5,85.8,80.59999999999999,61.6,47.3,39.1,49.1,55.4,42.2,65.40000000000001,64.59999999999999,56.2,61.9,55,51,46.2,42.8,25.6,47.9,39.8,30.3,37.4,45.5,72.34780000000001
5.1.1 Ventes de fioul lourd (FOL) à l'industrie (en kt),1337.8,1269.4,1143.5,902.1,850,797.3,702.1,617.1,819.9,1163.6,1315,1488.9,1264.1,1078.1,1092.1,900.2000000000001,762.7000000000001,791.4,578.4,439.2,777.2000000000001,1000,1219.2,1265.9,998.2000000000001,1033,1024.7,852.5,730.5,655.4,536.2000000000001,496.5,594.6,914.5,1205.1,1151.1,1018.6,933.5,1023.4,729.3,680.8,568.9,513.8,385.4,591.2000000000001,828.2000000000001,917.8,812.6,1123.8,795.8,693.7000000000001,581.7000000000001,513.4,565.5,424.9,278.5,450.9,597.9,795,753,687.1,783.3,623.2000000000001,647.1,392.2,391.9,359.9,364.8,434.8,504.7,593.1,658.5,939.5,751.7000000000001,634.5,495.3,360,353.4,361.5,272.8,366.2,505.7,573.9,745.2000000000001,607,623.7000000000001,660.5,453.6,353.1,356.8,297.8,238.4,368.6,480.4,704.6,707.8,597.5,569.5,540.3,429.8,350.4,322,243.2,233.2,354.5,492,583.5,614.5,589.3,484.3,482.3,450.8,372.3,392.1,356.1,253.6,276.3,395.1,507.1,602,576.2000000000001,571.7000000000001,407.2,401.3,360.3,305.6,322.9,215.8,334.9,511.7,547.6,682.3,578.8,522.1,461.9,431.6,294.4,296.8,267.6,216.4,363.1,457.7,518.7000000000001,570.5,462.2,528.7000000000001,491.2,359.2,286.6,313.5,247.4,196.4,297.1,411.9,570.4,639.6,422.1,460.1,418.7,365.5,293.2,274.3,232.6,185.5,351.8,389.5,424.7,508.4,454,390.9,416.8,339.8,306,279.6,234.3,214.2,287.6,368.2,464.8,609.8,454.2,502.5,447.8,368.9,281,273.3,244.2,186.1,294.2,415.5,315,585,529,434.9,329.6,334.7,274.9,259.9,240.4,186.6,291.9,386.9,368,524.5,449,467.4,369.9,333.1,248.5,273.8,242.5,207.6,282.7,363.3,445.8,518.4,402.3,418.6,351.5,302.5,223.8,229.3,209.2,174.1,232.3,322.3,405.8,462.1,363.1,319.7,306.4,249.8,223.2,192.3,177,173.3,216.6,310.1,327.3,276.7,326.5,283.9,275.6,239.2,197,190.3,183.7,167.3,213.8,285.8,325.6,296.6,303.1,228.5,212.2,214.3,192.1,162.5,161.4,146.1,179.3,277.2,261.7,238.6,279.7,249.6,204.3,187.7,173,165.7,150.8,120.7,178.2,237.3,231.1,248.2,232,217.2,229.7,179.3,153.3,163.2,129.6,134.5,159.1,201.5,232.5,254.7,214,213.9,284.9,160.2,158.3,145.4,117.1,124.9,160.3,197.3,208.5,216.4,239.4,205.7,206,148.3,146.9,142.9,116.4,127.7,154.6,188.1,210.8,191.5,195.9,166.5,165,146.9,127.6,138.5,127.8,115.9,132.1,191.7,206.5,197.4,179.7,162,151.5,147.8,111.4,119.3,125.6,96,156.2,175.5,190.1,163,228.2,194.6,158.9,129.3,116.3,110.6,101.7,79,113.4,145,138.7,140.5,140.2,114.1,128.9,94.59999999999999,102.1,111.8,83.5,75.5,92.8,115.7,161.1,177.1,125.2,108.2,112,92.59999999999999,100.3,84.3,83.3,71.40000000000001,98.2,118.3,114.6,112.1,98,138.3,91.90000000000001,78.7,75.7,72.7,66.40000000000001,60.5,74.7,103.3,95.59999999999999,91.40000000000001,87.7,88.8,91.3,77.7,69.40000000000001,57,54.3,46,54.2,78.3,84.09999999999999,68.3,65.40000000000001,54.9,52.1,47.4,42.9,44.8,43.7,39.2,45.5,58,50.4,65.5,61.2,64.59999999999999,56,43.8,33.8,38.5,39.5,30.9,49.5,59.3,50.9,47.5,37.6,39,40.9,37.5,25.6,32,23.9,25,32.1,45.5,47.9478
5.1.2 Ventes de fioul lourd (FOL) aux centrales (EDF + E.ON France Power) (en kt),852.5,760,689.4,265.2,217.5,325.4,275.8,445,471.1,685.7000000000001,716.6,818.6,516,401.2,414.8,357.6,351.9,308.9,520.2000000000001,456.2,282.2,383.3,295.1,189.4,263.1,291.3,256,186.4,138.4,256.8,193.7,34.7,42.5,18.6,128.4,374.1,331.4,186.6,102.5,71.3,32.3,59.5,57.7,20.6,34,63.2,56.9,69.8,139.6,41.5,26.6,27.4,16.2,17.9,27.3,39.1,19,40.4,57.9,128,147.8,48.7,39.6,12.2,16,8.199999999999999,24.3,11.3,19.3,13.5,29.4,23.7,137.4,139.8,58.2,50,31.3,17.7,33.1,39.6,50.2,35.9,35.5,49.1,69.90000000000001,24.5,8.199999999999999,23.3,9.199999999999999,8.1,9.199999999999999,17.6,9.199999999999999,25.5,94,219.3,200.3,358.4,92,7.6,20.4,20.2,14.3,56.4,181.3,364.9,246.4,585.7000000000001,381.9,250.8,86.90000000000001,15,93.40000000000001,35.5,22,16,21.6,45.9,29.1,78.09999999999999,177.8,195.7,184.1,82.3,327,235.3,229.6,217.1,245.2,274.5,229.7,260.2,281.4,295.7,219.3,102.7,84.90000000000001,35.8,16.5,63,43.8,53,36.9,84.5,23.2,69.59999999999999,49.1,25.1,13.3,38.2,42.3,57,74.3,24,8.300000000000001,24.2,28.8,26.5,27.2,9,8.5,34.5,33.7,35.9,19.8,25.5,47.2,33.5,38.3,30.2,25.4,24.7,47.8,60.7,60,100.5,66.3,34.5,46.8,83.5,100,105,104.4,146.9,53,39.4,26.3,35,16.4,33.7,22.9,50.8,112.9,82.2,64.2,13.2,19.5,13.3,16.9,21.9,38.4,54.4,43.1,65.59999999999999,75.3,72.09999999999999,27.4,26.9,76.8,57.1,89.40000000000001,123.7,199.4,143.1,60.9,122.3,272,144.6,120.6,51.6,5.9,9.4,22,36,39.5,33.3,42,70.7,216.8,325.3,306.8,45.6,6.8,23.9,25.3,21.1,24.7,76.2,44.2,39.6,26.9,22.3,36.2,13,5.7,20.9,23.5,28.1,34,21.3,15.3,92.5,291.2,187.2,48.1,18,15.4,21.2,25.1,51.6,49.2,32.9,36.5,37.9,62.5,48.8,59.5,40.4,25.5,65,108.9,123.1,106.1,80.90000000000001,109.8,80.09999999999999,52.8,68.5,82.09999999999999,34.8,53.9,24,84.2,87.8,46.3,26.3,17.5,94.8,82.90000000000001,111.3,191.5,101.7,61.8,43.3,59.5,98.2,88.2,95.40000000000001,54.9,91.40000000000001,203.8,193.2,236.3,140.1,58.9,60.2,64.7,101.7,67,61.6,77.59999999999999,69.7,156.4,63.8,36,33.1,17.4,34.2,38.2,26.9,38,58.6,185.2,200.8,109.6,51,56.3,34.6,43.6,74,114.6,82.3,67.09999999999999,47.2,85.09999999999999,161.3,259.4,111.4,85.90000000000001,25.4,16.1,7.7,22.6,37.2,46,37.8,60.5,108.4,119,95.40000000000001,57.6,11.7,13.7,48,48.7,75,30.8,79.09999999999999,81.8,75,61.7,42.2,20.4,12,31.9,35.8,30.3,25.4,16.5,36.7,64.40000000000001,49.1,42,43.5,46.1,23.2,15.2,26,16.6,25.8,28.8,25.6,32.6,37.9,19.4,21.2,20.7,5.8,4.9,13.9,25.9,14.2,18.4,32.1,24.8,26.3,15.3,8.800000000000001,8.5,7,1,0.5,13,17.8,11.7,2.6,32,33,24.6,16,5.6,3.5,5.3,10.6,15.9,11.3,15.9,5.3,5.3,14.4,17.4,12,5.3,5.3,0,15.9,15.9,5.3,5.3,0,24.4
5.2 Ventes de supercarburants auto (en kt),1418.9,1159.4,1379.8,1625.2,1427,1588.3,1881.7,1598.4,1560.9,1514.7,1392.6,1568.4,1184.4,1254.9,1493.4,1639.4,1432.1,1640.4,1794.2,1708.4,1576.3,1528.4,1387.3,1492.4,1285.2,1260.3,1518.9,1543.5,1569,1606.9,1705.4,1763.5,1589.4,1473.5,1448.5,1477,1378.3,1379.8,1474.9,1564.4,1535.9,1626.2,1722.9,1742.8,1462.7,1565.4,1432.8,1438.6,1289,1300,1389.7,1543.5,1556.3,1486.7,1763.4,1697.8,1516.9,1577.7,1395.3,1490.1,1391.2,1267,1424.1,1564.5,1607.7,1546.8,1795,1706,1581.8,1600.4,1395.9,1603.5,1300.2,1282.8,1480.5,1619.2,1499.9,1651.7,1814.6,1683.4,1584.5,1546.7,1475.7,1597.5,1360.6,1404,1556.4,1579.7,1617.3,1595.9,1763.2,1769.8,1602.1,1525.9,1504.4,1544.2,1402.2,1339.9,1614.1,1459.5,1598.6,1606.7,1658.6,1732.2,1561.8,1561.7,1458.6,1496.3,1459,1284.5,1540.3,1561.1,1600.6,1588.4,1710.3,1734.9,1410.2,1524.6,1421.2,1395.6,1400.8,1183,1411.3,1503,1566.2,1468.6,1750.6,1715.7,1496.1,1554.3,1377.5,1448.9,1365.3,1270.5,1409.6,1539.2,1436.8,1517.1,1687.4,1601.2,1503.2,1468.5,1323.9,1473.9,1265.4,1235.6,1411.7,1495.6,1395.9,1537,1639.3,1572.8,1438.7,1395.7,1309.9,1371,1232.3,1185,1380.3,1385,1425.7,1425,1555.7,1561.7,1404.4,1339.5,1253.9,1340.1,1200.7,1108.7,1317.9,1295.4,1363,1383.3,1465.2,1434.1,1292.1,1293.9,1201,1295.2,1175.7,1084.8,1205.3,1307.1,1309.4,1248.8,1437.1,1404.4,1228.4,1295,1131.8,1170,1097.9,1044.7,1156.2,1297.7,1256.9,1235,1416.1,1349.4,1257.3,1352,975.1,1194.9,1104,1031.5,1156,1247.7,1240,1248.7,1413,1327.1,1231.7,1221.9,1119.3,1209,1035.8,1014.6,1202.9,1246.5,1240.9,1275.7,1401.1,1339,1214.2,1174.3,1111.9,1198.7,1055.1,1036.8,1163.2,1145.6,1225.7,1222.6,1266,1294,1084.1,1139.2,1042.3,1106.6,1040.9,977.7000000000001,1101.1,1133.4,1159.4,1179.1,1263.9,1292.5,1112,1170.2,1073.2,1066.2,1001.4,943.4,1101.3,1120.1,1148.5,1097.6,1275.6,1222.5,1078.2,1130.5,1019.9,959.4,947.6,883.9,997,1058.2,1050.1,1100.8,1176.3,1114,1044.6,1049.4,869.1,980.6,881.6,854.3,964.8,1018.6,963.5,1050,1098.1,1056.5,986.2000000000001,963.2000000000001,884,954,832.2000000000001,786.4,918.1,916.7000000000001,989.5,983.9,1016.6,1029.7,918.1,881.7000000000001,833.7000000000001,863.3,793.2000000000001,741.3,846.3,876.5,910.8,921.5,954.7000000000001,938.9,868.5,862.2000000000001,784.9,828.1,759.1,697.7000000000001,833.6,840.5,844.5,868.4,922.8,922.7000000000001,798.7000000000001,847.3,757,749.3,711.3,700.1,727.7000000000001,772.3,823.9,755.5,869,794.3,773.9,781.5,635,747,655.4,618.8,702.7000000000001,784.6,742,782.5,863,764,744,725,645,729,555,609,659,739,694,738.2000000000001,801.9,744.1,709.6,668.5,641.5,654.8,581,578.4,654,688.5,682.4,680.7000000000001,698.1,726.2000000000001,667.8,643.7000000000001,590.2000000000001,613.1,558,531.8,594.5,604.7000000000001,635.7000000000001,658.6,693.8,684.5,588.2000000000001,622.2000000000001,582.6,543.1,515,485.4,549.7000000000001,615.6,625,601,712,660.8,589.8,617.3,519.7000000000001,581.1,519.8,485.9,555.2000000000001,624.2000000000001,595.6,626.6,678.5,625.1,621.7000000000001,617.3,506.3,619.2000000000001,505.622,479.662,562.963,638.007,589.28,650.784,717.122,622.549,619.3440000000001,605.533,538.878,650.211,488.8,523,601.7000000000001,602.5,680.6,625.8,687.4,700.9,637,605,573.366192
5.3 Ventes de gazole (en kt),824.1,677.5,814.2000000000001,822,823,846.1,921.1,617,808.8,881.5,843.6,914.3,673.9,756.2000000000001,891.1,888.7000000000001,800.9,915.6,882.6,704.9,858.2000000000001,898.3,829.7000000000001,870.7000000000001,736.8,755.8,899.6,883,884.7000000000001,887.9,827.4,761.2000000000001,881.5,890.1,879.1,868.9,842.3,849,897.2000000000001,874.1,898.4,914.9,929.5,801.2000000000001,848.1,1009.7,926.6,847.2000000000001,772.7000000000001,847.1,873.2000000000001,940.5,927.2000000000001,913.6,1019.4,789.7000000000001,934.7000000000001,1057.8,947,882.9,898.4,862.7000000000001,915.2000000000001,1046.4,965.9,1013.4,1070.3,870.1,1027.9,1123,978.7000000000001,1077.8,841.1,902.2000000000001,1105.8,1102.3,1016.7,1137.5,1155.7,947.4,1125.4,1173.6,1128.8,1166.8,1024.7,1103,1264.8,1166.2,1190.2,1256,1213.3,1111,1260.2,1243.2,1285.2,1290.6,1217.6,1204.1,1407.5,1273.3,1312.3,1417.4,1339.5,1233.9,1383.3,1459.6,1418.4,1325.4,1406,1269.1,1530.7,1444.7,1472.3,1486.7,1542.1,1415.7,1392.9,1604.5,1511.4,1385.2,1557.4,1304.5,1516.2,1593.9,1574.2,1549.8,1718.4,1440.6,1568,1750.8,1575,1580.5,1573.3,1527.3,1680.8,1715.8,1565.2,1688.2,1754.7,1480.1,1712.5,1769.6,1649.6,1706.9,1536.3,1580,1797.4,1783.5,1630.4,1871.1,1847.7,1705.8,1681.9,1770.9,1730.7,1775.8,1619.9,1602.7,1888.4,1786.4,1819.2,1904.5,1863,1751.7,1895.7,1878.5,1831.3,1893.7,1782.4,1718.6,2031.7,1829.7,1934.6,2012.9,1955.3,1806.5,1932.9,2006.1,1927.7,1930.7,1861.9,1790.7,1947.5,2020.6,1971.8,1949.2,2152.4,1854.3,1960.1,2175.7,1868.5,1936.6,1872.6,1850.6,1965.3,2200.1,2009.5,2082.3,2241.4,1895.7,2144.5,2466.7,1727.6,2109.6,1979.9,1931.4,2165.9,2183.9,2071.9,2211,2334.5,1978.6,2199.3,2273.8,2134.5,2202.6,1946.4,1990,2320.4,2250.5,2133.4,2325.7,2378.1,2118.7,2275.7,2337.7,2247.6,2342.9,2109.6,2149,2391.2,2192.8,2393.2,2346.7,2359.3,2238.4,2169.6,2429.3,2277.7,2298.7,2258.6,2147.5,2414.2,2341.4,2370.1,2445,2559.7,2362.5,2389.4,2599.5,2474,2321.6,2321,2247.5,2505.5,2541,2488.8,2440,2784.1,2362.4,2472.3,2719.5,2491.7,2296.7,2374.9,2298.4,2476.8,2560.2,2452.5,2582.1,2770.2,2359,2633.3,2739.7,2328.5,2505.4,2366.4,2337.5,2664.9,2621.1,2413.8,2768.7,2725.9,2464.4,2631.3,2650.6,2498.1,2619.1,2387.2,2342.8,2641.7,2587.8,2655.1,2735.7,2703.2,2582.9,2645.2,2611.9,2570.2,2584.6,2506.5,2391.5,2768.8,2565,2713.2,2793,2776.8,2600.3,2696.9,2788.6,2658.8,2632.9,2584.1,2441.8,2852.8,2667.4,2700.7,2873.2,2976.6,2742.9,2665.3,3007.5,2780,2615.8,2668.4,2656.3,2705.5,2853.1,2761,2696.8,2990.8,2505.1,2808.7,2975.2,2469,2734,2503.9,2489,2734.1,2809.5,2607.1,2848.6,3048.4,2561.3,2845.7,2889.1,2668.8,2875.7,2368.8,2621.8,2837.3,2894.3,2719.6,2932.7,3049.1,2747.2,2921.1,2943.1,2702.7,2850.5,2639.8,2659.2,2958.6,2830.7,2904.8,2895.2,2894.9,2860.9,2920.8,2889.8,2758.4,2835.6,2707.8,2646.3,2885.2,2814.1,2790.2,2951.9,3054.4,2824.1,2775.2,3078,2899.9,2692.5,2644.4,2576.8,2824,2936.2,2845.8,2797.6,3222.7,2796.2,2842.9,3103.9,2711.1,2862.5,2716.9,2592.5,2818,2931.5,2788.9,2914.2,3146.1,2693.3,2986.6,3111.8,2623.3,3083.6,2647.057,2592.63,2920.537,2985.217,2684.621,3083.758,3252.575,2739.026,2980.078,3032.794,2753.428,3131.497,2521.6,2721.9,2990.8,2889.8,3162.8,2788.9,2969.3,2926.4,2981.8,2929.4,2841.537696
5.4 Ventes de fioul domestique (FOD) et gazole non routier (en kt),4198.8,2720,2317.6,1426.5,2068.1,1709.4,929.9,655,878.6,1617.4,2279.1,3251.9,2799.8,2413,2638.2,2136.4,1683.4,1094.1,1124.7,876.5,1253.5,1592.2,1676,2516.4,2293.4,2867.8,2394.6,2223.8,1506,874.8,673.8,957.7000000000001,1136,1739.5,2028.8,2721.1,2870.6,2934.2,2307.2,1644,1388.2,1161.6,760.8,981.1,1408,1853.7,1593.1,2016.4,4059.6,2275.9,2127.8,1294.5,1108.4,819.9,867.9,899.1,1538.8,1862.7,2006,1850.1,2463.3,3262.1,2103.8,2246,826.7000000000001,954.9,1247,1627.5,1128,1271.8,1482.8,2483,2915.2,2065.7,2154.1,1324.5,983.8,965.4,1329.1,1147.1,1127.7,1671.7,1648.6,2299,1864,2148.5,2072.6,1397.2,913.2000000000001,912.1,964.8,971.4,1311.9,1484.3,2150.9,1985.8,2200.8,1935.3,1724.8,1304.3,890.6,828.2000000000001,899.5,1000.3,1301.6,1542.6,1832.4,2063.1,2206.7,1608.5,1544.5,1421.2,785,926.8,1292.6,1573.1,1134.7,1001.2,1412.4,2145.7,2869.5,1902.1,1136.8,1272.2,1022.2,868.8,1353.1,1070.9,1109.5,1755.8,1465.7,2208.5,2612.9,1968,1611.5,1409.2,767.2000000000001,926.7000000000001,1320.6,1128.7,1402.7,1543.6,1322.9,1879.5,1901.5,1956.1,1716.1,1339.3,968.9,1368.3,1173.1,749.2000000000001,1043.7,1353.6,1834.6,1888.6,1875.6,1805.5,1419.6,1372.7,792.2000000000001,1076.9,1114.8,1076,1393.6,1269.3,1141.1,1678.1,1938.1,1481.7,1787.2,1216.8,906.2000000000001,1163.2,1335.8,890.6,1205.9,1151.3,1465.9,1960.4,1816.7,2150.6,1558.7,1196,897.4,878,1340.4,1209.6,1457.4,1408,1452.8,1916.3,2568,1503.2,1239.7,1196.1,708.5,1003.7,1615.6,1143.7,1275.8,1631.3,1072,1767.4,1907.8,1722.9,1549.7,1255.9,920.4,1400.5,1430.5,1032,1223.5,1267.6,1653.3,1939.1,1788.1,1994.2,1642.5,1216.6,733.2000000000001,1106.6,1142.6,1167.7,1150.2,1471.4,1657,1889.6,1971.5,1622.4,1419.4,1050.6,778.7000000000001,862.9,965.5,1226.7,635.3,2230.2,1391.8,1428.2,2207.7,1627.2,1600.7,1114.5,976.2000000000001,975.1,1254.2,1288,1700.5,1325.3,1370.5,1816.8,2096.6,1509.5,1343.8,1204.2,801,976,1386.6,939.5,1283.2,1379.8,1265.5,1411,2115.7,1996.6,1187.5,1075.9,883.5,1040.1,1195.4,892.9,1364.2,1533.6,1077.6,1658.5,1821.2,1753.5,1671.8,1173.7,786.5,835.7000000000001,1017.6,1080.5,1405.8,1454.8,1249.6,1791.6,1805.6,1902.9,1611.3,947.5,840.2000000000001,918.5,911,1447,1298.7,1089.8,1337.5,1639.4,1811.9,1626.9,1595.7,998,727.8,905.6,938,1010.3,1334.5,1434,1030.9,1147.4,1617.8,1142.9,1218,736.6,575.9,696.9,827.8,908.4,1116,1492,1229.8,1361.2,1712,1290.2,1113.8,1059.8,777.2000000000001,763.4,962.1,1028.7,1386,1357.4,1080.2,1666,2040.6,1417,1357,966.1,731.1,846.7000000000001,732.1,695.3,1119.6,1225,857.2000000000001,1650.6,1260.7,1420.8,1232.9,910.1,701.4,686.8,812.8,861.2000000000001,1249.5,1156.2,1049.6,1568.3,1360.5,1338.9,1055.9,662.5,578.7000000000001,660.8,816.3,1024,1172.9,1165.1,819.7000000000001,919.1,1071.3,1523.8,905.7000000000001,775.9,677.6,818.2000000000001,1031.1,692.6,1019.5,1267.1,1074.4,979.9,1252.3,1148.3,1119.8,1059.7,942.5,727.7000000000001,867.2000000000001,823.6,1007.8,1198.8,1020.2,996.8,986.2000000000001,938.8,1017.5,809.1,609,731.8,806.2000000000001,764.8,1086.9,1105.4,821.8,1141.7,1105.6,1071.7,931.9,805.5,568.8,694.1,811.6,1065.6,1229.7,920.9,693.1,1058.6,917.4,889.2000000000001,1033.1,819,721.2000000000001,552.7000000000001,717.3,814.5,971,1139.7,867.7612
5.5 Ventes de carbureacteur (en kt),168.8,160.1,178.6,188.9,204.6,207.2,214.4,212.7,221,195.7,169.1,177,175.2,158.3,179.6,190.2,201.7,201.5,228.6,222,216.4,194,167.3,179.5,175.9,158.7,181.1,190.9,199.6,202.1,226.6,218.9,213.7,195.6,169.3,180.3,171.4,158.8,175.5,188.6,202.5,213.9,226.6,233.2,225.5,197.2,179.8,185.3,167.8,177.2,199.7,210.6,216.1,234.2,259.4,265,245.9,219.2,191.8,200.9,199.9,183.4,209.1,224.2,247.7,255.7,279.7,283.8,257.2,222.3,202.3,210.6,222.7,194,223.1,238.4,261.8,262.9,305.5,297.9,270.5,246.6,213.7,234.1,245.8,233.5,259.3,272.9,281.6,291,333.7,326.7,309.9,277.2,251.5,264.2,257.9,239.6,284.7,292.6,303.4,318.8,344.2,346,323.1,304.3,273.8,279.4,274.4,240.5,305,299.8,335.4,346.6,365.9,366.5,329.8,313.2,278.8,279.2,284.6,229.2,272.7,288.1,334.2,317.7,370.6,362,340.7,313.5,289.9,276,317.4,285,313.1,328.9,363,358.8,406.4,406.9,381,346.7,307.2,322,334.4,290.9,342.4,347,369.7,371.5,420.4,413.5,389.9,298.2,320.8,348.6,329.2,297.8,315.4,384.9,374.7,379.6,437.4,427.9,400.8,366,337,354.7,347.8,316.7,355.7,358,398.1,391.8,447.8,450.5,423,386.4,341.6,347.5,363.7,344.4,391.2,400.5,421.3,426.4,464.9,470.4,432.3,397.3,363.1,390.8,380.8,356.7,394.6,411.7,411.9,428.3,463.3,479.9,441.9,427.5,392.6,404,408.7,375.8,421.2,439.2,452,401.9,519.7000000000001,515.5,468,459,418.3,444.9,453.3,412.9,464.3,484.5,487.7,486.5,541.5,545.2000000000001,510.1,474,487.5,440.1,460.8,455.4,485.6,497.4,509.2,496.4,562.5,551.3,519.7000000000001,497.3,461.1,481.3,476,444.8,499.7,499,507.8,503.8,560.4,549.4,490.6,449.6,456.7,430.5,454.6,422.8,445.2,475.7,508.1,533.9,535.1,547.7000000000001,499.5,478.5,457,488.7,481.9,438.4,477.3,432.8,453.8,477,531.3,541.3,514.6,491.2,462.2,471.2,484.8,444,480.7,500.5,510.2,519.2000000000001,570.4,569.9,522.9,516.3,473,477.9,482.8,440,486.5,500.8,496.3,544,569.5,549,561.3,519.2000000000001,476.9,498.3,508.7,455.5,510.9,519,539.2000000000001,561.4,593.5,583.5,548.3,534.2000000000001,501.6,505.8,519.2000000000001,461.6,533.3,525.1,548,566.1,623.4,618.3,582.5,533.4,546.3,530.2000000000001,536.9,501.1,548.3,559.8,559.7000000000001,582.8,621.4,608.3,564.2000000000001,555.7000000000001,506,514,492.2,448.6,502.5,521.3,508.4,539.9,572.6,581.9,509.8,513,455.7,467.6,467.3,420.1,497.4,455,562.7000000000001,565.9,608.7000000000001,578.5,558.4,469.7,465.1,478.8,496.1,443.2,516.2000000000001,528.6,536.7000000000001,533.2000000000001,628.8,590.5,560.7000000000001,547.2000000000001,487.9,501.7,491.7,447.9,507.9,511.9,531.4,559,610.2000000000001,597.2000000000001,551.7000000000001,530,474.3,483.7,422.8,473,491,513,551,551,608,596,536.9,546.3,472.3,497.8,425,424.4,491.5,521.2000000000001,555.4,560.6,615.3,606.1,475.7,553.4,460.5,511.7,438.2,430.8,501.8,528.5,557.6,584.4,647.2000000000001,635.8,554.7000000000001,566.7000000000001,466.9,520.9,434.7,444.2,496.8,529,532.5,515.4,631,637.7000000000001,558.6,558.8,469.2345
5.6 Ventes de gaz de petrole liquefies (GPL) (en kt),353.5,330.2,299.8,234.5,202,195,195.2,158.1,205.2,246.4,291.2,347,308.4,289,309.5,253.6,189.1,186.2,172.8,167.8,203,243.4,268,330.4,306.8,316.8,309,241.2,202.6,185.2,154.5,161.9,192.9,236.4,278.7,327.6,316.2,314,310.1,232.3,203.8,177.9,170.5,163.2,182.6,246.3,278.7,282.2,379.4,311.6,284.8,231,188.4,163.4,175.6,157.2,180.1,261.1,297.5,304.2,319.6,338.3,279.9,267.8,180.7,164.9,175,147.6,200.2,250.1,277,316.3,365.8,317.3,306.4,233.1,170.7,179.6,169.5,160.4,189.4,257.7,294.4,342.7,275.3,286.3,303.8,212.5,176.3,168.3,162.9,165.2,195.9,238.9,333.1,330.3,319.8,287.5,267.2,213,181.2,166.5,153.7,155.8,196.7,268,269,309.5,336.8,269.8,250.9,224.9,178.8,161.1,170.1,162.8,186.6,248.8,266.9,339.6,368.5,357.4,246,225.1,206.6,164.8,174.9,148.4,174.7,303.8,286,357.9,376.2,317.7,272.6,234.4,161.3,162.7,167.6,145.8,210.1,298.6,294.6,326.9,324.7,301.3,316.3,223.6,158.3,162.2,158.2,155.3,198.9,275,357.6,366.4,320.9,309.7,272.8,228.9,177.7,162.2,142.6,156.7,206.6,265.4,267.3,302.2,359.2,280.1,302.3,216.4,192.4,170.4,146.8,155.5,199.7,257,273.6,335,361.2,373.9,319.4,243.9,189.2,146.8,167.2,156.6,209,286.6,302.9,369.3,440.4,337,236.9,227.5,175.7,158.9,175.9,151.2,199.8,308.7,263.3,353.5,345.4,343.4,291.7,250.8,182.3,173.2,179.4,161.6,213.3,286,359.4,417.2,358.7,361,327.9,247.7,181.8,178.4,175.9,176.1,204.5,284.7,325.1,407.8,402.9,369.7,318.6,239.2,203,173,175.8,177.4,203.3,290.2,323.9,300.7,367.4,331.4,310.7,233.9,212.1,164.1,169.2,173.1,201.6,266.1,315.1,351.2,418.2,322.3,265.8,221.6,189.7,157.7,182,163.7,183.8,266.5,289.8,320.5,372.6,361.8,288.1,214.9,163.7,141.3,153.3,130.5,188.7,228.6,244.3,330.5,347.1,314.2,332.9,240.3,170.4,157.9,146.6,146.1,177.7,233.2,278.3,331,323.9,326.3,346.3,211.6,169.2,150.4,132.9,143.2,172.7,206.6,224.2,312.6,355,335.9,320.5,194.5,151.5,133,116.6,135.5,150.8,200.4,215.3,246,298.8,260.3,225.8,182.3,138.4,129,136.7,138.1,143.7,229.4,273.9,292.9,317.5,268.5,218.9,225.8,145.6,126.2,131.9,120.3,151.8,214.3,235.4,308.3,321.8,287.7,229.9,181.9,123.1,123.4,123.1,117.5,147.3,187.2,196,257.3,284.6,285.7,272.7,180.2,129.5,127.7,117,119.9,147.7,183.9,237.1,307.1,287.7,241.6,230.2,147.1,121.1,107.6,111.6,123.3,139.8,172.3,182.7,222.7,223.4,273.7,218.8,150,132.9,114.5,121.9,111.6,121.2,192.4,214.5,230.7,242.3,219.8,218.4,178.2,132.7,113.4,115.6,101.1,122.8,177.6,202.2,250.6,218.4,188.4,167,136,110,100.8,107.9,102.9,123.5,177.8,169.8,202.4,205.5,215.3,197.3,144,99,103,99.90000000000001,94.3,121.1,172.6,161.5,188.8,179.8,185.6,192.9,143.6,119.4,103.6,92,98.7,111.6,158.7,185
5.7 Ventes de produits à usage non energetique (en kt),475.5,1184.9,534.1,620.5,1187.7,758,863.5,569,810,526,1180.8,731.1,451,449.7,1065.4,595.6,1042.6,825.8,693.8,739.5,777.5,703.8,948.8,638.1,816.3,585,367.4,1021,870.8,884.6,552.9,1118.8,951.9,698.8,943.5,939.4,877.2000000000001,749.1,620,672.9,822.4,1080.3,565.6,732.2000000000001,978.5,1091.5,880.9,703.1,523.7000000000001,676.2000000000001,911.4,758,819.3,1210.7,908.6,855.4,971.7000000000001,951.4,739.2000000000001,878.5,628.6,743.5,786.2000000000001,803.1,816.1,1158.5,981.4,831.6,1067,1093.9,913.6,888.5,553.1,791.9,956.7000000000001,844.8,859.8,1302.8,1146.7,892.7000000000001,1096.8,961.3,953.4,962,676.7000000000001,911.1,987.5,816.8,948,1383.8,1094.5,962.9,1116,1009.1,999.9,885.8,740.7000000000001,963.2000000000001,1097.4,954.4,1055.8,1463.6,1223.9,962.1,1095.3,1096.3,992.7000000000001,937.6,781.7000000000001,913.2000000000001,1058.9,880.3,957.4,1340.3,1266.8,991.1,1097.8,1066.7,997.1,903.6,1006.5,839.1,1066.8,971.2000000000001,1086.6,1195.2,1322.9,1172.9,1178.6,1168.6,1028,1072.5,1040.2,1002.6,1075,1138,1150.6,1325.7,1378.9,1223,1241.5,1175.7,1020.9,994.2000000000001,971.5,995.1,1093.8,1181.2,1213.7,1311.7,1326.7,1175,1169.3,1150.3,1108.4,1039.1,977.2000000000001,1045.3,1224.5,1212,1303.6,1470.5,1420.3,1353.7,1329,1310.4,1271,1249.6,1184.6,1067.7,1295.1,1299.8,1361,1449.4,1440.9,1326,1296.8,1217,1052.3,1056.7,1095.8,1115.4,1208.2,1162.4,1278.8,1423.9,1498.1,1318.5,1376.1,1318.2,1167.4,1157.9,1115.9,1188.7,1220.6,1320.2,1323.8,1383.9,1495.7,1389.2,1528.8,1516,1302.8,1257.2,1199.2,1135.4,1244,1216.7,1424.9,1508.9,1552.4,1373.2,1452,1332.9,1320.7,1256.7,1181.2,1041,1352.6,1322,1332.2,1531,1545.7,1409.5,1405.8,1306.8,1354.7,1215.4,1207.2,1095,1362.6,1366.1,1438.6,1485.9,1542.3,1432.2,1358.8,1317.2,1256.2,1209.4,1248.8,1190.1,1161.4,1032.7,1270.1,1382.5,1508.8,1367.6,1438.9,1368.6,1242.6,1091.3,1089.4,1002.7,1176.9,1129.1,1249.2,1335.8,1442.6,1234.9,1315.8,1225.4,1069.9,1092.5,1078.6,1039.3,1158.8,1231.1,1183.7,1264.6,1417.1,1173.2,1407.3,1267.7,1189,1189.7,1091.8,1096.3,1151.8,1110,1312.397,1418.334,1382.4,1205.2,1391.996,1287.143,1243.3,918.4,1057.5,1062.2,1134.1,1244.151,1335.095,1364,1379.698,1274.45,1373.384,1245.775,1213.991,1012.353,1083.109,1092.151,1159.579,1242.35,1358.7,1342.4,1393.4,1260.9,1221.2,1283.4,1230.4,1027.1,1154.2,1129.9,1238.4,1332.7,1316.4,1330,1416.6,1278.1,1325.3,1362.6,1252.6,1019.3,1122.2,1055.3,1203.2,1262.2,1317.5,1383,1404.4,1187.4,1264.1,1078.8,1005.4,814.8,867.7000000000001,847.1,998.4,1036.9,1119.7,1198,1187.9,1010.6,1101.3,1056.9,1010.8,839.1,808.9,793.2000000000001,939,1013.1,1136.9,1213.3,1222.1,1047.4,1133,917.6,959.2000000000001,909.9,937.1,920.8,1088.2,1060.9,1133.3,1252,1278.2,1137.2,1084,861.2000000000001,786.3,702.1,978.3,980.4,1078.9,1030.5,1145.9,1122.5,1117.8,1107.4,997.8,828,721,710.8,922.6,860.3,1008.3,958.5,1049.1,1105.8,1233.1,1061.6,916.5,850.6,676.7000000000001,664.9,869.6,866.4,942,972,1032.3,1121,1249.9,1033.3,931.6,831.8,662.1,704.8,897.114,879.085,1003.74,995.6180000000001,1036.173,1167.134,1166.397,1044.946,970.083,842.042,679.643,768.341,982,959.9,1054.9,1025.7,1073.2,1212.7,1215.3,1096.4,1008.9,901.1,710
6. Consommation primaire de produits petroliers corrigee du climat (en kt),10431.70287,8730.697040999999,8703.875672,6657.398136,7171.764756,7189.305238,6709.154655,5358.942043,6398.270487,7254.212131,8886.338711,10110.95249,8199.840120000001,7642.389615,8606.811057999999,7419.496879,6906.097991,6645.149091,6600.301655,5877.953147,6647.761563,7043.962942,7738.582756,8358.201066,7988.220271,7907.256534,7611.368676,7685.700255,6238.328662,6258.176676,5604.84097,6224.867658,6322.073387,6578.259565,7930.252887,8817.627826,8721.842649,8078.881477,7379.991311,6470.328061,5714.526154,6463.799993,5671.785565,5646.20511,6361.260467,7480.714098,7271.604111,6936.609757,8217.541424999999,6988.794296,6839.088999,6284.854804,5657.305697,6042.103471,6045.042502,5501.43062,6517.791081,7016.540881,6634.001886,7293.987122000001,7485.617086,7503.18057,6760.956818,6937.785008,5717.285218,6211.587592,6635.896586,6498.632953,6494.714245,6967.45518,6629.436747,8114.620107,7273.899898,7110.549142,7282.650995,6772.852361,5322.640259,6631.977878,7034.08086,6092.828969,6491.448655,7225.1371,6973.435654,8359.454425,7091.082572,7494.863719,7742.881356,6546.17536,6189.970112,6684.771583,6555.563072,6161.950624,6978.021565,7128.692614,7850.306337,8158.633537,7711.78734,7735.44084,8102.016325,6378.596334,6700.771816,6917.281591,6569.060844,6521.274377,7164.70446,8132.120856,7771.419873,8537.501494,8334.523988000001,7530.215973,7756.037445,6816.876124,6857.490984,6935.677748,7572.90321,7217.062753,6605.308893,7077.804002,7118.239528,7652.937578,9059.134509,7015.632535,7119.672913,6850.668429,6782.280492,6825.409659,8069.490596,7077.186648,7194.312476,8052.998581,7449.264033,8521.392604000001,8833.334556,7956.108235,7837.997649,7623.378324,6636.694794,7037.34645,7836.000911,6972.03465,7630.051035,7340.21525,7333.78178,8162.934212,7769.367719,7496.566844,7851.983764,7661.15081,6851.707648,7697.322189,7574.536005,6692.064734,6919.894063,7019.244492,7518.781202,8388.702685,7606.31887,7481.731386,7899.300127,7237.404323,6971.654791,7588.686895,7484.405721,7352.802444,7772.648465,7543.796076,7612.001667000001,8436.11657,8189.254309,7448.989819,8127.890326,7192.145458,7222.204248,7704.397634,7891.515941,7089.160478,7432.700546,8029.583939,7611.559519,8242.241145,8027.110864,8107.359349,7742.8049,7669.92425,6845.941362,7103.093662,8213.720821000001,7303.383182,7869.963047,8060.403392,7269.282035,8217.191871000001,8603.761621,7843.004237,7539.371723,7684.238302,6992.926508,7375.661574,8418.69102,7331.467256,8001.130912,8842.375603,6868.469689,8544.560756999999,8363.355552000001,7936.283694,8129.834426,7506.35122,7475.88996,8132.189924,8583.821021,7382.301607,8105.19438,8048.933683,7928.607577,8960.640345,8419.482012,8126.250189,8675.549736999999,8065.533039,7253.3336,7920.14428,8198.916813,7704.61534,7823.373963,8277.569337999999,8224.060487999999,9008.185201,8614.016750000001,8286.502194000001,8525.059099,7577.075516,7738.572292,7520.871476,7818.584431,7906.319949,6863.617062,9206.702316000001,8075.174274,8115.970428,9006.631111000001,7867.199464,8509.059383,7278.939235,7508.113113,7657.481991,8357.297928,8052.94494,8380.483617,9229.519350000001,7864.78118,8040.657331,8914.31041,7832.455197,8035.128963,7673.547143,7161.144892,7511.401265,8705.736381000001,7463.723651,7878.78014,8315.449546,7778.599033,7802.031737,8385.999809999999,8039.191353,7788.63825,7681.179146,7132.192598,7506.394027,8325.403999,7221.199167,8275.658178,7963.894232,7368.700154,8326.614469,8075.966145,7800.080368,8248.705262,7785.894015,6866.862962,7760.493939,8046.979796,7441.284694,8303.737897999999,8227.582997,7664.042453,8194.854337999999,7959.332355,7725.952139,8599.834564000001,7492.383276,7503.538204,7594.456104,7720.723407,8023.609057,8087.325072,8115.759197,7668.080936,7865.243929,8221.627466,7664.382046,8381.03721,7437.74896,7531.358318,7751.81,7926.16,7531.04,7900.97,9097.3457,7748.854722,7656.063674,8424.67153,7401.160225,7891.481276,7684.713978,7158.843702,7445.57,7836.51,7669.86,7575.15,8477.588868000001,8125.873587,7722.72743,8468.159256000001,7544.096063,7525.391941,7628.306399,7786.015441,7394.42,8063.88,7138.45,8077.96,7814.953622,6949.34492,8025.384729,8057.527495,7096.151165,7741.715399,7445.035617,6776.712456,7347.67,7415.43,6591.7786,7424.9054,7629.950174,6917.996458,7917.227513,6636.437192,7032.963526,7500.569688,7103.249730000001,6559.663303,7200.82,7489.9,7053.86,7712.87,7121.015956,7039.777401,7603.84504,7266.693166,7247.633521,7573.409642,7191.095093,7202.710332,7004.25,7329.96,7359.99,7612.99,7292.981256,6652.971674,6772.085931,7125.06317,7027.957537,7163.726283,6573.702524,6810.778285,7046.27,7447.88,6827.7,6970.92,7533.016487,6896.516754,6653.543257,6767.237563,6407.435969,6860.218016,6976.576176,6726.109169,6701.53,7593.41,6836.7948,6919.22,7853.794542,6411.213167,6770.551101,6643.887806,6322.71108,6823.39,6895.802311,6491.106432,6855.97,7396.62,6573.16,7022.51,7570.378468,6229.595314,7188.177637,6584.464887,6419.971803,6861.522334,7071.920378,6203.650925,7031.6136,7558.2034,7070.4931,7315.0055,6831.856934,6120.805385,7365.181474,6327.052343,6577.628247,7035.323336,6662.15361,7076.373518,6571.4,7075.53,6991.49,7023.72,6946.064304,6368.008931
6.1 Ventes totales de fioul lourd (FOL) corrigees du climat (en kt),2155.571088,1955.035095,1925.331121,1154.820953,957.1268413,1122.7,977.9,1062.1,1291,1734.976795,1997.188909,2276.482236,1793.587189,1497.44218,1448.324256,1198.679114,1055.960855,1100.3,1098.6,895.4,1059.4,1301.157367,1552.18152,1454.429176,1297.632497,1256.458483,1243.420816,983.1367448,711.7662781,912.2000000000001,729.9,531.2000000000001,637.1,853.5656301,1314.935342,1502.492954,1355.38698,1076.876587,1029.57244,761.2809968,514.6502376,628.4,571.5,406,625.2000000000001,861.3518006000001,1049.045599,869.1193194,1103.489652,812.2008214,653.4634029,602.8101246,462.8856194,583.4,452.2,317.6,469.9,594.5560882,749.9116075,893.4454991,829.8643883,715.0564048,618.1176173,554.8511610000001,397.9488233,400.1,384.2,376.1,454.1,546.8002663,629.1193004,686.5965367,923.3352653,864.5768244,613.5661551,578.1400552,296.5377715,371.1,394.6,312.4,416.4,541.3929858,586.7913421,791.0498737,733.3704562,643.2300433,633.4562665,477.1180377,374.544934,364.9,307,256,377.8,521.242806,747.7501947,954.2429011,794.1509689,945.8149247,679.123543,387.6614486,436.4012988,342.2,257.5,289.6,535.8,902.9399067000001,805.7772851,1212.911048,981.3803713999999,821.0533948999999,591.37082,430.712178,561.3918505,427.6,378.1,269.6,297.9,478.1844234,524.5920955,640.3471938,746.3897614,715.6094805,625.6491274,450.4835134,599.4067181,540.9,552.5,432.9,580.1,716.6471368,753.6388654,904.9300623,828.0378648,814.402418,682.5838861,514.6232549,411.6273677,332.6,284.1,279.4,406.9,410.4326799,589.0327934,658.1322153,514.2801386,571.2169863,524.3211614000001,401.2582224,312.4284726,351.7,289.7,253.4,371.4,363.8296145,501.1430617,699.3128504,467.6153831,497.032745,482.8528832,342.390355,306.5046503,308.8,266.3,221.4,371.6,400.6793594,535.8311432,573.1020067,499.8598284,469.2787617,419.5580079,356.3471681,338.4187805,340.3,294.3,314.7,353.9,500.5239678,506.8285893,670.2277692,565.9388156,572.946887,519.9674925000001,514.5432159,280.2314482,312.7,270.5,221.1,310.6,434.1315357,326.7699474,601.8845756,600.4151676,557.8627662,424.1357563,341.1301823,301.9830902,273.2,257.3,208.5,330.3,416.4249158,425.5660004,605.7473472,535.5482525,558.3917839,404.1775194,345.543631,349.0304513,330.9,331.9,331.3,482.1,487.9544854,460.9030977,637.4964032,692.4737249999999,559.3379629,480.7655971,359.4904954,271.8825091,238.7,231.2,210.1,271.8,350.6269882,422.1350101,535.6106744,575.0345007,663.6620083,613.4967225,295.1110555,261.9235683,216.2,202.3,194.4,241.3,382.7394935,381.6696395,339.1963914,364.4670922,315.6435516,329.4559966,237.8258559,215.6565701,211.2,207.2,195.4,247.8,381.0427373,321.4242884,369.9423756,600.6762093,438.7676038,270.0492904,237.2436301,194.6695924,183.7,186.5,197.7,228.5,310.6357479,317.4321182,290.7933105,331.2175818,290.1478414,279.551786,237.3083235,203.0318997,230.7,259.7,243.8,284.3,277.9701156,350.9174436,329.6041982,287.4155691,285.5005294,301.4877081,214.3984103,192.7385056,187.2,213.8,222.3,205.4,238.0781298,244.7480282,341.1656527,299.2211655,313.4859747,470.0610494,264.4655039,216.8431801,188.7,176.6,223.1,248.5,343.1401497,253.7527817,295.3793334,433.3447463,389.8584104,432.5103974,289.4731477,213.0959743,203.1,181.1,229.4,221.6,305.7141932,307.5642213,262.7484102,370.4242205,249.4466761,200.1863095,219.5488717,158.4708287,172.7,166,142.8,170.1,231.2399843,380.4868657,391.7980994,301.657433,222.3018107,203.188374,176.8266574,187.0494066,193.3,240.2,178.3,223.3,205.7203875,273.3430696,316.3849726,470.2695051,302.6204632,241.2957469,168.0446524,144.9753805,118.3,124.3,116.2,159.4,177.8729066,215.2662243,245.6519223,246.2236884,206.6274971,181.83557,110.3963568,97.04050509,159.8,132.2,150.5,123.6,183.223844,238.839109,232.6355088,186.6739087,155.6071031,136.0632157,129.3113828,152.8621779,120.1,113.6,96.8,114.7,160.9821265,190.9126858,169.4401553,144.3938252,164.2067148,146.2266825,97.34928042999999,93.27417265,98.7,83,86.3,103.5,128.8118739,129.3745337,132.7583142,104.9671174,104.3486522,103.5081487,80.51384588000001,57.97630404,70.90000000000001,80.2,60.2,72.59999999999999,122.2952189,106.2972431,95.8630604,86.72117987999999,68.69606292,63.40074269,60.47847764,42.48274157,45.3,56.7,57,57.2,72.86816168999999,88.6768093,99.36729922000001,86.37734275,78.83343994000001,61.96703689,51.01136748,39.92128919,49.1,55.4,42.2,65.40000000000001,59.3120427,62.9017495,69.73327402,57.23097998,52.69678956,44.37411631,41.56208644,25.40561772,47.9,39.8,30.3,37.4,41.15429037,72.59685700999999
6.1.1 Ventes de fioul lourd (FOL) à l'industrie corrigees du climat (en kt),1303.071088,1195.035095,1235.931121,889.6209534,739.6268413,797.3,702.1,617.1,819.9,1049.276795,1280.588909,1457.882236,1277.587189,1096.24218,1033.524256,841.0791141,704.0608551,791.4,578.4,439.2,777.2000000000001,917.8573673,1257.08152,1265.029176,1034.532497,965.1584826,987.4208161,796.7367448,573.3662781000001,655.4,536.2000000000001,496.5,594.6,834.9656301,1186.535342,1128.392954,1023.98698,890.2765872,927.0724395,689.9809968,482.3502376,568.9,513.8,385.4,591.2000000000001,798.1518006,992.1455993,799.3193194,963.889652,770.7008214,626.8634029,575.4101246,446.6856194,565.5,424.9,278.5,450.9,554.1560882,692.0116075,765.4454991,682.0643883,666.3564048,578.5176173,542.651161,381.9488233,391.9,359.9,364.8,434.8,533.3002663,599.7193004,662.8965367,785.9352653,724.7768244,555.3661551,528.1400552,265.2377715,353.4,361.5,272.8,366.2,505.4929858,551.2913421,741.9498737,663.4704561999999,618.7300433,625.2562665,453.8180377,365.344934,356.8,297.8,238.4,368.6,495.742806,653.7501947,734.9429011,593.8509689,587.4149247,587.123543,380.0614486,416.0012988,322,243.2,233.2,354.5,538.0399067,559.3772851,627.2110477,599.4803714,570.2533949,504.47082,415.712178,467.9918505,392.1,356.1,253.6,276.3,432.2844234,495.4920955,562.2471938,568.5897614,519.9094805,441.5491274,368.1835134,272.4067181,305.6,322.9,215.8,334.9,442.1471368,523.9388654000001,644.7300623,546.6378648,518.702418,463.2838861,411.9232549,326.7273677,296.8,267.6,216.4,363.1,357.4326799,552.1327934,573.6322153,491.0801386,501.6169863,475.2211614,376.1582224,299.1284726,313.5,247.4,196.4,297.1,339.8296145,492.8430617,675.1128504,438.8153831,470.532745,455.6528832,333.390355,298.0046503,274.3,232.6,185.5,351.8,375.1793594,488.6311432,539.6020067,461.5598284,439.0787617,394.1580079,331.6471681,290.6187805,279.6,234.3,214.2,287.6,466.0239678,460.0285893,586.7277692,465.9388156,467.946887,415.5674925,367.6432159,227.2314482,273.3,244.2,186.1,294.2,400.4315357,303.8699474,551.0845756,487.5151676,475.6627662,359.9357563,327.9301823,282.4830902,259.9,240.4,186.6,291.9,362.0249158,382.4660004,540.1473472,460.2482525,486.2917839,376.7775194,318.643631,272.2304513,273.8,242.5,207.6,282.7,344.8544854,400.0030977,515.1964032,420.473725,414.7379629,360.1655971,307.8904954,265.9825091,229.3,209.2,174.1,232.3,317.3269882,380.1350101,464.9106744,358.2345007,338.3620083,306.6967225,249.5110555,255.1235683,192.3,177,173.3,216.6,306.5394935,337.4696395,299.5963914,337.5670922,293.3435516,293.2559966,224.8258559,209.9565701,190.3,183.7,167.3,213.8,359.7427373,306.1242884,277.4423756,309.4762093,251.5676038,221.9492904,219.2436301,179.2695924,162.5,161.4,146.1,179.3,277.7357479,280.9321182,252.8933105,268.7175818,241.3478414,220.051786,196.9083235,177.5318997,165.7,150.8,120.7,178.2,197.0701156,241.1174436,249.5041982,234.6155691,217.0005294,219.3877081,179.5984103,138.8385056,163.2,129.6,134.5,159.1,211.7781298,227.2480282,246.3656527,216.3211655,202.1859747,278.5610494,162.7655039,155.0431801,145.4,117.1,124.9,160.3,247.7401497,198.8527817,203.9793334,229.5447463,196.6584104,196.2103974,149.3731477,154.1959743,142.9,116.4,127.7,154.6,244.1141932,229.9642213,193.0484102,214.0242205,185.6466761,164.1863095,186.4488717,141.0708287,138.5,127.8,115.9,132.1,172.6399843,195.2868657,190.9980994,192.057433,171.3018107,146.888374,142.2266574,143.4494066,119.3,125.6,96,156.2,158.5203875,188.2430696,155.0849726,210.8695051,191.2204632,155.3957469,142.6446524,128.8753805,110.6,101.7,79,113.4,140.0729066,154.7662243,137.2519223,127.2236884,111.2274971,124.23557,98.69635679,83.34050508999999,111.8,83.5,75.5,92.8,104.123844,157.039109,157.6355088,124.9739087,113.4071031,115.6632157,117.3113828,120.9621779,84.3,83.3,71.40000000000001,98.2,124.2821265,126.5126858,120.3401553,102.3938252,120.7067148,100.1266825,74.14928043000001,78.07417264999999,72.7,66.40000000000001,60.5,74.7,103.2118739,96.77453369,94.85831425000001,85.56711737000001,83.14865222,82.80814866999999,74.71384587999999,53.07630404,57,54.3,46,54.2,90.19521890999999,81.49724310000001,69.5630604,71.42117988,59.89606292,54.90074269,53.47847764,41.48274157,44.8,43.7,39.2,45.5,70.26816169,56.6768093,66.36729922000001,61.77734275,62.83343994,56.36703689,47.51136748,34.62128919,38.5,39.5,30.9,49.5,54.0120427,57.6017495,55.33327402,39.83097998,40.69678956,39.07411631,36.26208644,25.40561772,32,23.9,25,32.1,41.15429037,48.19685701
6.2 Ventes de fioul domestique (FOD) corrigees du climat (en kt),4044.799537,2497.939532,2594.826139,1398.475794,1704.689098,1709.4,929.9,655,878.6,1399.559924,2194.845217,3155.97677,2842.670583,2471.429636,2440.59631,1941.446322,1504.4038,1094.1,1124.7,876.5,1253.5,1411.714523,1751.396356,2513.927795,2414.539972,2606.107538,2272.057859,2021.663771,1082.280084,874.8,673.8,957.7000000000001,1136,1531.144747,1984.444528,2645.06074,2892.337108,2743.889529,2008.993334,1520.240215,874.3209361,1161.6,760.8,981.1,1408,1759.092908,1784.084064,1969.649009,3281.806685,2174.723491,1846.543304,1274.596059,913.494023,819.9,867.9,899.1,1538.8,1673.933209,1654.28747,1894.094838,2437.590738,2608.198341,1894.739838,1761.610491,796.1734181000001,954.9,1247,1627.5,1128,1377.320081,1506.554777,2506.750791,2389.87068,1982.836841,1856.501531,1424.121811,701.7459537,965.4,1329.1,1147.1,1127.7,1670.930168,1575.893539,2287.725892,2061.38359,2129.25879,1949.008096,1397.955607,948.9819353,912.1,964.8,971.4,1311.9,1537.844302,1977.831044,2071.883625,2185.690804,2004.059571,1894.800754,1136.913893,1082.673678,828.2000000000001,899.5,1000.3,1301.6,1706.917994,1747.614885,2111.234521,2249.679547,1936.947105,1624.835525,1297.953312,1019.523541,926.8,1292.6,1573.1,1134.7,1108.46717,1376.131503,1987.603326,2826.933557,1710.419596,1245.830543,1155.296895,749.9707828000001,868.8,1353.1,1070.9,1109.5,1491.796181,1394.83523,2072.626101,2450.687044,1953.604036,1616.933728,1337.333076,863.2939507,926.7000000000001,1320.6,1128.7,1402.7,1173.317478,1419.605056,1891.116865,2036.217359,1844.089369,1653.551113,1410.855813,1016.810756,1368.3,1173.1,749.2000000000001,1043.7,1092.857569,1558.659319,2007.393941,1959.574776,1851.687991,1562.121917,1238.505997,806.8344259,1076.9,1114.8,1076,1393.6,1217.038676,1338.05011,1794.859421,1974.482262,1690.36314,1678.714043,1184.054149,855.2756245000001,1163.2,1335.8,890.6,1205.9,1507.234805,1448.992452,1877.347971,1869.692963,1985.652272,1433.60643,1191.418045,708.7332964,878,1340.4,1209.6,1457.4,1350.814117,1395.304865,1792.214373,2343.640377,1663.584289,1369.556044,1168.951576,730.5629683,1003.7,1615.6,1143.7,1275.8,1514.248803,1119.641697,1826.939497,1969.692174,1813.480211,1586.943701,1186.679928,1036.575546,1400.5,1430.5,1032,1223.5,1186.036225,1441.157082,1923.720175,1893.31366,1970.606787,1694.931575,1244.616404,920.9933959,1106.6,1142.6,1167.7,1150.2,1442.338099,1524.651707,1904.402815,1937.663699,1746.229026,1421.167792,1049.038075,927.9973316000001,862.9,965.5,1226.7,635.3,2197.384735,1447.898794,1583.826097,2304.854147,1697.459103,1735.004448,1029.845098,1060.328992,975.1,1254.2,1288,1700.5,1801.340305,1266.872962,1668.657229,2153.649898,1711.24587,1424.23506,1240.153306,733.5036098000001,976,1386.6,939.5,1283.2,1383.230582,1387.636635,1521.568513,2010.076871,1912.523357,1307.868685,1144.727682,913.4811262,1040.1,1195.4,892.9,1364.2,1214.765719,1138.409474,1669.721586,1847.683873,1751.430071,1576.52308,1176.212706,693.6111137,835.7000000000001,1017.6,1080.5,1405.8,1551.619465,1213.540395,1716.923023,1830.858428,1770.979261,1565.497024,967.0986222,818.1049712,918.5,911,1447,1298.7,1476.2392,1258.970904,1520.371001,1717.114031,1536.097952,1499.508552,1007.304482,773.5519668,905.6,938,1010.3,1334.5,2010.723077,1150.775837,1159.020395,1809.323786,1312.047589,1210.501101,1002.375376,653.9579077,696.9,827.8,908.4,1116,1311.067373,1147.443955,1306.462272,1861.735635,1384.150448,1071.740294,1010.311961,1078.357817,763.4,962.1,1028.7,1386,1197.116415,1067.04265,1566.089897,1850.494374,1386.372416,1319.797373,1094.03621,832.6616504,846.7000000000001,732.1,695.3,1119.6,1173.406481,985.0179325,1603.175894,1118.142389,1376.368295,1177.632184,959.9004011,547.3836445,686.8,812.8,861.2000000000001,1249.5,1015.126809,1016.735172,1358.603264,1357.430328,1420.423692,1099.425424,899.2924531,735.8092495,660.8,816.3,1024,1172.9,1239.688066,929.051691,1005.13155,1132.020201,1288.96325,1009.365269,720.6174674,704.374319,818.2000000000001,1031.1,692.6,1019.5,1265.74907,1090.950822,1026.688346,1214.459818,1058.381496,992.5671598,1009.276687,680.7809951,727.7000000000001,867.2000000000001,823.6,1007.8,1435.437274,981.036121,1019.949091,1102.369399,1048.078141,1086.803647,943.0923567,584.0571016,731.8,806.2000000000001,764.8,1086.9,1413.985821,953.8447885000001,1160.659623,1118.668201,1035.315185,939.5473895,892.6634015,586.1818192,694.1,811.6,1065.6,1229.7,820.4892429,811.0538814,1286.202045,986.4664296,938.090275,976.0859344,785.4815791,714.3678276000001,552.7000000000001,717.3,814.5,971,1006.807075,873.4028307
6.3 Ventes de gaz de petrole liquefies (GPL) corrigees du climat (en kt),344.3232395,310.8559857,324.0333625,231.2560842,175.7701435,195,195.2,158.1,205.2,222.1913049,283.5798405,339.7710632,311.6904431,293.8632688,292.8996953,236.9447493,174.5613055,186.2,172.8,167.8,203,223.4064832,276.3269746,330.1727149,317.9669105,295.9943923,297.7583997,225.4227599,159.0198603,185.2,154.5,161.9,192.9,215.8402132,274.4066051,321.1376351,317.872259,299.4610052,280.9118268,219.7759297,144.3933291,177.9,170.5,163.2,182.6,237.3639079,301.2758537,277.5878808,325.413538,301.7722744,257.3600939,228.5022156,163.9181354,163.4,175.6,157.2,180.1,241.9972481,258.9603185,309.2277833,317.2577187,287.7931466,259.8316449,224.5742249,175.9769311,164.9,175,147.6,200.2,264.2726305,280.0914622,318.4118065,306.008643,305.9354615,268.1862725,248.5553137,125.76691,179.6,169.5,160.4,189.4,257.5945075,282.80218,341.2053432,300.9117242,284.0186169,287.5894834,212.6021451,182.4137974,168.3,162.9,165.2,195.9,246.5298841,309.0607293,342.9664315,317.8469286,296.5439699,290.3561183,188.3506015,215.1239593,166.5,153.7,155.8,196.7,293.0786484,257.8791597,315.9020655,342.6183423,317.6840098,262.4336072,207.3950063,224.756763,161.1,170.1,162.8,186.6,272.2155519,260.7904561,317.1746628,363.632987,325.0229987,266.7511919,206.5240689,156.2010213,164.8,174.9,148.4,174.7,262.5059609,273.6422854,338.1927148,355.2957235,315.6325574,273.4167295,223.7136491,179.0119715,162.7,167.6,145.8,210.1,233.1863627,313.5884344,328.6947786,344.9885786,285.8657045,306.010695,234.156399,165.2199484,162.2,158.2,155.3,198.9,226.8830881,308.9773473,386.7438217,333.6078096,316.7224324,296.8762994,208.7908407,180.611959,162.2,142.6,156.7,206.6,255.6421104,307.5373313,320.7469048,365.1812563,314.6225663,285.8780369,211.2079081,182.7289326,170.4,146.8,155.5,199.7,325.2801731,270.7913555,322.325029,370.5352272,348.1897334,296.4096854,243.0690712,152.9971175,146.8,167.2,156.6,209,276.2062049,292.1974827,347.8898013,405.8632889,368.5866917,258.7038249,222.8984657,180.5466677,158.9,175.9,151.2,199.8,288.8526532,273.6502661,364.0459242,355.3245322,359.3548027,297.9148542,238.4371161,202.4708267,173.2,179.4,161.6,213.3,269.524268,317.8147984,414.2560809,377.3392764,357.1985933,337.17126,252.757411,222.0450389,178.4,175.9,176.1,204.5,279.6906387,301.8120256,410.6372085,396.7417145,394.5710395,318.9526627,238.8838426,236.8743373,173,175.8,177.4,203.3,286.3982146,335.4529918,329.4771449,381.7017617,344.0585244,333.6582709,217.9731228,228.193711,164.1,169.2,173.1,201.6,347.8007271,293.7423228,325.5121361,428.2846243,360.0291851,279.8486438,227.4616393,175.356729,157.7,182,163.7,183.8,267.0888116,314.3978556,342.6317109,355.9731096,348.1937917,313.7688671,227.0338627,168.6192978,141.3,153.3,130.5,188.7,185.3559394,256.4778343,332.4862383,351.579451,313.8702687,315.9283728,240.757175,152.2732924,157.9,146.6,146.1,177.7,246.8941719,271.1384775,318.6792494,327.9213205,306.0362443,337.52209,215.4816152,165.233289,150.4,132.9,143.2,172.7,269.2512324,212.4222486,292.2613524,338.3958217,319.1315121,303.2106206,196.1101973,159.0244391,133,116.6,135.5,150.8,260.0770032,234.8733247,247.9890805,326.4442934,290.2332119,224.6864769,231.379369,153.0109929,129,136.7,138.1,143.7,206.591614,259.0269856,283.4009286,339.333528,283.91689,212.2367331,217.2853806,187.4886319,126.2,131.9,120.3,151.8,193.5664903,233.1005712,293.3294297,297.3611163,282.7036344,224.8299699,200.6733354,136.4106564,123.4,123.1,117.5,147.3,180.8389525,218.7035325,251.351741,258.2586427,278.5074139,262.8319622,188.0029968,105.7061255,127.7,117,119.9,147.7,165.5002153,231.1233566,273.347627,287.1804596,253.2269511,237.7292165,186.3553393,146.0470562,107.6,111.6,123.3,139.8,181.0127674,201.6916902,239.0700498,233.4161281,238.8823416,238.3864868,141.3264557,137.0681314,114.5,121.9,111.6,121.2,192.2358619,217.1353293,239.4290273,236.4072125,205.8116414,198.0865243,171.3514458,101.4873998,113.4,115.6,101.1,122.8,204.5807264,195.942242,255.2343036,238.5074264,205.5449591,175.9774286,153.4403578,106.366004,100.8,107.9,102.9,123.5,215.4082612,190.9468694,205.0800208,207.4386264,209.412378,198.5931496,156.2017561,101.4055512,103,99.90000000000001,94.3,121.1,157.2087449,182.7639007,219.9352028,190.4683564,193.674978,184.2884361,138.8596163,118.4933889,103.6,92,98.7,111.6,143.5425468,185.9609523
7. Indice de rigueur climatique pour la France metropolitaine (ref.1 pour la periode 1986-2015) (sans unite),1.076147389,1.177794911,0.78632392,1.040078214,1.426366195,1,1,1,1,1.311297962,1.076775148,1.060788299,0.969837812,0.952715922,1.161930664,1.200833446,1.237962972,1,1,1,1,1.255696848,0.913901435,1.001966807,0.899657928,1.200830133,1.107868856,1.199970175,1.783013421,1,1,1,1,1.272156181,1.044703161,1.057495285,0.984969174,1.13871584,1.296871733,1.162816092,2.175492986,1,1,1,1,1.107563496,0.785902394,1.047471393,1.474003127,1.0930477,1.30463049,1.031231763,1.426726332,1,1,1,1,1.225536826,1.425213316,0.953545264,1.021093994,1.501420194,1.220674266,1.549939401,1.076683248,1,1,1,1,0.846774788,0.968464769,0.981050537,1.488477682,1.092867124,1.356223746,0.844548549,1.893181879,1,1,1,1,1.001023823,1.102525907,1.0109513,0.787215634,1.020081281,1.140917154,0.99879887,0.916209773,1,1,1,1,0.922627188,1.194454264,0.907670034,1.015361729,0.923755237,0.800623124,1.327174406,0.605762656,1,1,1,1,0.786075781,1.107810576,0.949335045,0.957545018,0.623178943,0.890128333,1.211010309,0.488816683,1,1,1,1,0.784953948,1.058567556,1.17675858,1.033461025,1.249036233,0.80551922,1.224863997,1.806636511,1,1,1,1,1.393267633,1.112900264,1.145680882,1.147090685,1.016375391,0.992532192,1.11941997,0.75264264,1,1,1,1,1.701302132,0.848619781,0.986349201,0.852976448,1.134978552,1.084060012,0.887293289,0.895291875,1,1,1,1,1.530195004,1.393415999,0.868492911,0.904769843,0.944569506,0.797253103,1.240781148,0.95969316,1,1,1,1,1.095425296,0.672906935,0.855439721,0.959052825,0.725682691,1.14360987,1.06145712,1.132314397,1,1,1,1,0.475220297,1.025929969,1.098308926,0.937015252,1.184599545,1.193906574,1.008546221,1.591561513,1,1,1,1,1.094076409,1.091569212,1.15385762,1.212736111,0.785758057,0.789297425,1.051610206,0.93288899,1,1,1,1,1.171777432,0.905442573,0.927578339,0.930172762,0.88900383,0.94784706,1.129624155,0.750941568,1,1,1,1,1.152822343,1.327118198,1.0177663,0.876508506,1.026605695,0.931257041,0.949977619,0.54688203,1,1,1,1,1.044775911,1.192901313,0.982726793,1.038805382,0.842417227,0.997235776,1.003308693,0.642486205,1,1,1,1,1.033186183,0.913900069,0.781645364,0.906328951,0.908020558,0.827980655,1.182670196,0.823683671,1,1,1,1,0.412733207,1.181772216,1.197288066,0.941133631,0.73801301,0.87449784,0.935575518,1.204487035,1,1,1,1,0.994488616,0.80440503,0.838516765,1.116770691,1.097691348,0.795479493,0.866387082,0.927065023,1,1,1,1,1.583257012,0.881297401,0.98506526,0.968147662,1.002626334,1.134299644,0.995252738,1.297601557,1,1,1,1,0.86133561,1.066031964,1.096654792,0.969342337,1.165533953,1.0650173,0.95496582,1.060016826,1,1,1,1,0.418282771,1.138612498,1.17397654,1.122668317,1.131360327,1.142552554,0.97947331,0.881709391,1,1,1,1,0.426352556,0.791660837,0.979947902,0.788292413,0.742162418,1.012389744,0.469708889,0.761275438,1,1,1,1,1.27600813,1.143546959,1.083795345,0.839144041,0.864248214,1.078488615,1.097965857,0.441451043,1,1,1,1,1.267782787,1.024661338,1.127591786,1.205464689,1.044183775,1.056376271,0.766120703,0.756055415,1,1,1,1,1.087938016,0.740475928,1.059162699,1.254990085,1.064563686,1.093862612,0.896238399,1.562736417,1,1,1,1,1.277942006,1.064647765,1.308694586,1.004522769,0.885212148,0.920821506,0.47338054,0.572962015,1,1,1,1,0.879666396,0.764595034,0.828815343,0.892722407,1.364380831,0.794593152,1.153431009,0.923977015,1,1,1,1,1.002134593,0.969657986,0.908855795,1.062316071,1.169916999,1.256371247,1.099919703,1.768878705,1,1,1,1,0.670292421,1.07984187,0.954607359,0.789236894,0.791469477,0.872463352,0.715844677,1.085412534,1,1,1,1,0.563523458,0.723131499,0.967329572,0.976636145,1.070287416,0.98372112,0.804711605,0.940694786,1,1,1,1,1.244758254,0.70913429,0.646086638,0.859972063,0.895766375,1.116821816,1.085344894,1.019127884,1,1,1,1,1.263988857,0.987081263
